date,flow
01/01/1990,17807.0
02/01/1990,17878.2
03/01/1990,17807.0
04/01/1990,17949.5
05/01/1990,18056.7
06/01/1990,18236.2
07/01/1990,18744.3
08/01/1990,19334.6
09/01/1990,19897.3
10/01/1990,20469.3
11/01/1990,21246.1
12/01/1990,21680.3
13/01/1990,22361.1
14/01/1990,22726.4
15/01/1990,23053.9
16/01/1990,23425.5
17/01/1990,23926.1
18/01/1990,24517.8
19/01/1990,25333.9
20/01/1990,26253.4
21/01/1990,27056.4
22/01/1990,28332.6
23/01/1990,29458.1
24/01/1990,31166.6
25/01/1990,32600.9
26/01/1990,33785.6
27/01/1990,35190.0
28/01/1990,36067.2
29/01/1990,37026.4
30/01/1990,37676.9
31/01/1990,38005.6
01/02/1990,38071.6
02/02/1990,37873.9
03/02/1990,37611.5
04/02/1990,36897.3
05/02/1990,36067.2
06/02/1990,35252.1
07/02/1990,34208.2
08/02/1990,33248.3
09/02/1990,32194.1
10/02/1990,31054.1
11/02/1990,29782.9
12/02/1990,28148.2
13/02/1990,26475.1
14/02/1990,24859.6
15/02/1990,23259.9
16/02/1990,21959.2
17/02/1990,20933.4
18/02/1990,20354.1
19/02/1990,19558.6
20/02/1990,18964.4
21/02/1990,18453.0
22/02/1990,17700.6
23/02/1990,17524.1
24/02/1990,17174.0
25/02/1990,16965.9
26/02/1990,17069.8
27/02/1990,17139.2
28/02/1990,17139.2
01/03/1990,17488.9
02/03/1990,17736.1
03/03/1990,17488.9
04/03/1990,17243.7
05/03/1990,16965.9
06/03/1990,16690.6
07/03/1990,16350.1
08/03/1990,15980.1
09/03/1990,15680.9
10/03/1990,15352.2
11/03/1990,15286.9
12/03/1990,15189.3
13/03/1990,14866.5
14/03/1990,14802.4
15/03/1990,14738.5
16/03/1990,14706.6
17/03/1990,14579.3
18/03/1990,14579.3
19/03/1990,14547.6
20/03/1990,14515.9
21/03/1990,14263.9
22/03/1990,14421.1
23/03/1990,14263.9
24/03/1990,14201.3
25/03/1990,14076.5
26/03/1990,14107.7
27/03/1990,14263.9
28/03/1990,14389.6
29/03/1990,14706.6
30/03/1990,15059.7
31/03/1990,15352.2
01/04/1990,15548.9
02/04/1990,15913.3
03/04/1990,16215.0
04/04/1990,16417.9
05/04/1990,16417.9
06/04/1990,15913.3
07/04/1990,16114.1
08/04/1990,16215.0
09/04/1990,16485.8
10/04/1990,16622.2
11/04/1990,16965.9
12/04/1990,17174.0
13/04/1990,17418.7
14/04/1990,17629.9
15/04/1990,17878.2
16/04/1990,18128.4
17/04/1990,18020.9
18/04/1990,18164.3
19/04/1990,18164.3
20/04/1990,18128.4
21/04/1990,18200.2
22/04/1990,18489.3
23/04/1990,18780.9
24/04/1990,19112.0
25/04/1990,19935.2
26/04/1990,20778.0
27/04/1990,21050.3
28/04/1990,21324.7
29/04/1990,21364.0
30/04/1990,21364.0
01/05/1990,21601.0
02/05/1990,22280.4
03/05/1990,22930.8
04/05/1990,24052.2
05/05/1990,24603.0
06/05/1990,25290.5
07/05/1990,25377.2
08/05/1990,24859.6
09/05/1990,24263.2
10/05/1990,23259.9
11/05/1990,22442.0
12/05/1990,21640.6
13/05/1990,21011.3
14/05/1990,20239.4
15/05/1990,19935.2
16/05/1990,19708.7
17/05/1990,19708.7
18/05/1990,19558.6
19/05/1990,19371.8
20/05/1990,19409.1
21/05/1990,19708.7
22/05/1990,19935.2
23/05/1990,20430.8
24/05/1990,20816.8
25/05/1990,21246.1
26/05/1990,21561.4
27/05/1990,21759.8
28/05/1990,22079.4
29/05/1990,22039.3
30/05/1990,21919.2
31/05/1990,21403.4
01/06/1990,21246.1
02/06/1990,21128.5
03/06/1990,22280.4
04/06/1990,23425.5
05/06/1990,24305.6
06/06/1990,25551.1
07/06/1990,26608.6
08/06/1990,27781.6
09/06/1990,29189.7
10/06/1990,31054.1
11/06/1990,32309.9
12/06/1990,33011.7
13/06/1990,33307.7
14/06/1990,32835.1
15/06/1990,31848.7
16/06/1990,30774.1
17/06/1990,29674.3
18/06/1990,28517.6
19/06/1990,27553.8
20/06/1990,26966.5
21/06/1990,26297.7
22/06/1990,25813.2
23/06/1990,25247.3
24/06/1990,24773.9
25/06/1990,24263.2
26/06/1990,23884.2
27/06/1990,23591.7
28/06/1990,23425.5
29/06/1990,23301.2
30/06/1990,23177.4
01/07/1990,23095.0
02/07/1990,22930.8
03/07/1990,22889.8
04/07/1990,22767.2
05/07/1990,22442.0
06/07/1990,22119.5
07/07/1990,22039.3
08/07/1990,21959.2
09/07/1990,21561.4
10/07/1990,21442.8
11/07/1990,21364.0
12/07/1990,21128.5
13/07/1990,20855.6
14/07/1990,20700.6
15/07/1990,20469.3
16/07/1990,20354.1
17/07/1990,20163.1
18/07/1990,19784.1
19/07/1990,19596.1
20/07/1990,19446.4
21/07/1990,19558.6
22/07/1990,20011.0
23/07/1990,20855.6
24/07/1990,22119.5
25/07/1990,23259.9
26/07/1990,24263.2
27/07/1990,25204.0
28/07/1990,25900.9
29/07/1990,26342.0
30/07/1990,26653.2
31/07/1990,26519.6
01/08/1990,26076.8
02/08/1990,25682.0
03/08/1990,25682.0
04/08/1990,25507.6
05/08/1990,24560.4
06/08/1990,24390.3
07/08/1990,23926.1
08/08/1990,22767.2
09/08/1990,21799.6
10/08/1990,21246.1
11/08/1990,20739.3
12/08/1990,20354.1
13/08/1990,20163.1
14/08/1990,19409.1
15/08/1990,19112.0
16/08/1990,18964.4
17/08/1990,18598.3
18/08/1990,18380.6
19/08/1990,18236.2
20/08/1990,18236.2
21/08/1990,17878.2
22/08/1990,17878.2
23/08/1990,18817.5
24/08/1990,20277.6
25/08/1990,21839.4
26/08/1990,23425.5
27/08/1990,24517.8
28/08/1990,25031.5
29/08/1990,25117.7
30/08/1990,24859.6
31/08/1990,24688.4
01/09/1990,24603.0
02/09/1990,24859.6
03/09/1990,25988.8
04/09/1990,26430.7
05/09/1990,26519.6
06/09/1990,26653.2
07/09/1990,26697.8
08/09/1990,26787.2
09/09/1990,26787.2
10/09/1990,26921.6
11/09/1990,27236.7
12/09/1990,27827.3
13/09/1990,28517.6
14/09/1990,29076.8
15/09/1990,29458.1
16/09/1990,29566.1
17/09/1990,29350.5
18/09/1990,29030.0
19/09/1990,28749.9
20/09/1990,28425.0
21/09/1990,28102.3
22/09/1990,27781.6
23/09/1990,27372.3
24/09/1990,27191.5
25/09/1990,26253.4
26/09/1990,25988.8
27/09/1990,25725.7
28/09/1990,25420.7
29/09/1990,25160.8
30/09/1990,24945.4
01/10/1990,24773.9
02/10/1990,24517.8
03/10/1990,24347.9
04/10/1990,24221.0
05/10/1990,24052.2
06/10/1990,24347.9
07/10/1990,24603.0
08/10/1990,24773.9
09/10/1990,24945.4
10/10/1990,25160.8
11/10/1990,25333.9
12/10/1990,25464.1
13/10/1990,25725.7
14/10/1990,25725.7
15/10/1990,25507.6
16/10/1990,25377.2
17/10/1990,25204.0
18/10/1990,24859.6
19/10/1990,24517.8
20/10/1990,24603.0
21/10/1990,25290.5
22/10/1990,25638.3
23/10/1990,25725.7
24/10/1990,26253.4
25/10/1990,26697.8
26/10/1990,26430.7
27/10/1990,26297.7
28/10/1990,26165.1
29/10/1990,25988.8
30/10/1990,25944.9
31/10/1990,25857.1
01/11/1990,25507.6
02/11/1990,24945.4
03/11/1990,24136.5
04/11/1990,24010.2
05/11/1990,23884.2
06/11/1990,22442.0
07/11/1990,22442.0
08/11/1990,22320.8
09/11/1990,22320.8
10/11/1990,21959.2
11/11/1990,21879.3
12/11/1990,21959.2
13/11/1990,22320.8
14/11/1990,22767.2
15/11/1990,23342.6
16/11/1990,23508.5
17/11/1990,24517.8
18/11/1990,24517.8
19/11/1990,24305.6
20/11/1990,24178.7
21/11/1990,24052.2
22/11/1990,23675.1
23/11/1990,21919.2
24/11/1990,21442.8
25/11/1990,21246.1
26/11/1990,21167.7
27/11/1990,21167.7
28/11/1990,21324.7
29/11/1990,21442.8
30/11/1990,20933.4
01/12/1990,20739.3
02/12/1990,20087.0
03/12/1990,19558.6
04/12/1990,18890.9
05/12/1990,18236.2
06/12/1990,18092.5
07/12/1990,17878.2
08/12/1990,17878.2
09/12/1990,17878.2
10/12/1990,17949.5
11/12/1990,18092.5
12/12/1990,18236.2
13/12/1990,18344.4
14/12/1990,18416.8
15/12/1990,18128.4
16/12/1990,18056.7
17/12/1990,17949.5
18/12/1990,18236.2
19/12/1990,18453.0
20/12/1990,19334.6
21/12/1990,19409.1
22/12/1990,19521.1
23/12/1990,19334.6
24/12/1990,19112.0
25/12/1990,18817.5
26/12/1990,18308.3
27/12/1990,18092.5
28/12/1990,17594.6
29/12/1990,17383.6
30/12/1990,17243.7
31/12/1990,16862.4
01/01/1991,15946.7
02/01/1991,15483.2
03/01/1991,15417.6
04/01/1991,15319.5
05/01/1991,14674.7
06/01/1991,14358.1
07/01/1991,14201.3
08/01/1991,14014.4
09/01/1991,13767.4
10/01/1991,13706.0
11/01/1991,13614.2
12/01/1991,13553.2
13/01/1991,13522.8
14/01/1991,13522.8
15/01/1991,13583.7
16/01/1991,13859.7
17/01/1991,14076.5
18/01/1991,14611.1
19/01/1991,14898.6
20/01/1991,15027.4
21/01/1991,14995.2
22/01/1991,14930.7
23/01/1991,14738.5
24/01/1991,14802.4
25/01/1991,15221.8
26/01/1991,15450.4
27/01/1991,15156.9
28/01/1991,14834.4
29/01/1991,14706.6
30/01/1991,14834.4
31/01/1991,15124.4
01/02/1991,15714.0
02/02/1991,16350.1
03/02/1991,16690.6
04/02/1991,16827.9
05/02/1991,17594.6
06/02/1991,18236.2
07/02/1991,19038.1
08/02/1991,19371.8
09/02/1991,19521.1
10/02/1991,19409.1
11/02/1991,19297.4
12/02/1991,19186.0
13/02/1991,19859.5
14/02/1991,20469.3
15/02/1991,20972.3
16/02/1991,21364.0
17/02/1991,21640.6
18/02/1991,21959.2
19/02/1991,22199.9
20/02/1991,22280.4
21/02/1991,22523.1
22/02/1991,22685.7
23/02/1991,23259.9
24/02/1991,23425.5
25/02/1991,23259.9
26/02/1991,23177.4
27/02/1991,23012.8
28/02/1991,23095.0
01/03/1991,22767.2
02/03/1991,22240.1
03/03/1991,21324.7
04/03/1991,20661.9
05/03/1991,19596.1
06/03/1991,18453.0
07/03/1991,17453.8
08/03/1991,16759.2
09/03/1991,16316.3
10/03/1991,15680.9
11/03/1991,15450.4
12/03/1991,15417.6
13/03/1991,15352.2
14/03/1991,15548.9
15/03/1991,15813.5
16/03/1991,15946.7
17/03/1991,16080.5
18/03/1991,16553.9
19/03/1991,16656.4
20/03/1991,16793.6
21/03/1991,16965.9
22/03/1991,17736.1
23/03/1991,17842.6
24/03/1991,17842.6
25/03/1991,17985.2
26/03/1991,18020.9
27/03/1991,17878.2
28/03/1991,17771.5
29/03/1991,17665.3
30/03/1991,17594.6
31/03/1991,17453.8
01/04/1991,17453.8
02/04/1991,17524.1
03/04/1991,18817.5
04/04/1991,19186.0
05/04/1991,19708.7
06/04/1991,19897.3
07/04/1991,20972.3
08/04/1991,21601.0
09/04/1991,22079.4
10/04/1991,22442.0
11/04/1991,23259.9
12/04/1991,23675.1
13/04/1991,24221.0
14/04/1991,24603.0
15/04/1991,24859.6
16/04/1991,25160.8
17/04/1991,25551.1
18/04/1991,25813.2
19/04/1991,26253.4
20/04/1991,26519.6
21/04/1991,26653.2
22/04/1991,26742.5
23/04/1991,26608.6
24/04/1991,26564.1
25/04/1991,26386.3
26/04/1991,26120.9
27/04/1991,25638.3
28/04/1991,25377.2
29/04/1991,24859.6
30/04/1991,24517.8
01/05/1991,24263.2
02/05/1991,24094.4
03/05/1991,23842.3
04/05/1991,23758.6
05/05/1991,23884.2
06/05/1991,23968.1
07/05/1991,23884.2
08/05/1991,23591.7
09/05/1991,23425.5
10/05/1991,23384.0
11/05/1991,23342.6
12/05/1991,23177.4
13/05/1991,23012.8
14/05/1991,22971.8
15/05/1991,22767.2
16/05/1991,22361.1
17/05/1991,21959.2
18/05/1991,21167.7
19/05/1991,20277.6
20/05/1991,19633.6
21/05/1991,19260.2
22/05/1991,19334.6
23/05/1991,19521.1
24/05/1991,19897.3
25/05/1991,19558.6
26/05/1991,19409.1
27/05/1991,19038.1
28/05/1991,18598.3
29/05/1991,18489.3
30/05/1991,18236.2
31/05/1991,18200.2
01/06/1991,17878.2
02/06/1991,18092.5
03/06/1991,18020.9
04/06/1991,17807.0
05/06/1991,17665.3
06/06/1991,17878.2
07/06/1991,18092.5
08/06/1991,18092.5
09/06/1991,17913.8
10/06/1991,17949.5
11/06/1991,17949.5
12/06/1991,18308.3
13/06/1991,18964.4
14/06/1991,19260.2
15/06/1991,19149.0
16/06/1991,18416.8
17/06/1991,17524.1
18/06/1991,17174.0
19/06/1991,16759.2
20/06/1991,16724.9
21/06/1991,16827.9
22/06/1991,16896.8
23/06/1991,17000.5
24/06/1991,17348.6
25/06/1991,17949.5
26/06/1991,18561.9
27/06/1991,19409.1
28/06/1991,20507.7
29/06/1991,21640.6
30/06/1991,22039.3
01/07/1991,22361.1
02/07/1991,22563.6
03/07/1991,22401.6
04/07/1991,22199.9
05/07/1991,21999.2
06/07/1991,21246.1
07/07/1991,20855.6
08/07/1991,20469.3
09/07/1991,20011.0
10/07/1991,19746.4
11/07/1991,19671.1
12/07/1991,19409.1
13/07/1991,19112.0
14/07/1991,18854.2
15/07/1991,18453.0
16/07/1991,18092.5
17/07/1991,17878.2
18/07/1991,17736.1
19/07/1991,17736.1
20/07/1991,17665.3
21/07/1991,17771.5
22/07/1991,17878.2
23/07/1991,18092.5
24/07/1991,18092.5
25/07/1991,17807.0
26/07/1991,17524.1
27/07/1991,17348.6
28/07/1991,17174.0
29/07/1991,16931.4
30/07/1991,16553.9
31/07/1991,16316.3
01/08/1991,16013.5
02/08/1991,15846.7
03/08/1991,15780.3
04/08/1991,15880.0
05/08/1991,16114.1
06/08/1991,16215.0
07/08/1991,16215.0
08/08/1991,16417.9
09/08/1991,16147.7
10/08/1991,15946.7
11/08/1991,15813.5
12/08/1991,15813.5
13/08/1991,15647.8
14/08/1991,15614.8
15/08/1991,15483.2
16/08/1991,15483.2
17/08/1991,15156.9
18/08/1991,15027.4
19/08/1991,15156.9
20/08/1991,15417.6
21/08/1991,15548.9
22/08/1991,15647.8
23/08/1991,15647.8
24/08/1991,15417.6
25/08/1991,15286.9
26/08/1991,15124.4
27/08/1991,15124.4
28/08/1991,15221.8
29/08/1991,15156.9
30/08/1991,15059.7
31/08/1991,14962.9
01/09/1991,14995.2
02/09/1991,14930.7
03/09/1991,14802.4
04/09/1991,14579.3
05/09/1991,14263.9
06/09/1991,14076.5
07/09/1991,14014.4
08/09/1991,14201.3
09/09/1991,14579.3
10/09/1991,14770.4
11/09/1991,14802.4
12/09/1991,14579.3
13/09/1991,14263.9
14/09/1991,13952.4
15/09/1991,13890.6
16/09/1991,13798.1
17/09/1991,13798.1
18/09/1991,14014.4
19/09/1991,14076.5
20/09/1991,13921.5
21/09/1991,13921.5
22/09/1991,13890.6
23/09/1991,13890.6
24/09/1991,13983.4
25/09/1991,13890.6
26/09/1991,13767.4
27/09/1991,13583.7
28/09/1991,13492.4
29/09/1991,13767.4
30/09/1991,13952.4
01/10/1991,14076.5
02/10/1991,14263.9
03/10/1991,14706.6
04/10/1991,15092.1
05/10/1991,15548.9
06/10/1991,15813.5
07/10/1991,15846.7
08/10/1991,15813.5
09/10/1991,15880.0
10/10/1991,16350.1
11/10/1991,17069.8
12/10/1991,17524.1
13/10/1991,18128.4
14/10/1991,18598.3
15/10/1991,19112.0
16/10/1991,19149.0
17/10/1991,19223.1
18/10/1991,18927.6
19/10/1991,18561.9
20/10/1991,18236.2
21/10/1991,17524.1
22/10/1991,16931.4
23/10/1991,16485.8
24/10/1991,16147.7
25/10/1991,16147.7
26/10/1991,16147.7
27/10/1991,16147.7
28/10/1991,16147.7
29/10/1991,16417.9
30/10/1991,16519.9
31/10/1991,16588.0
01/11/1991,16588.0
02/11/1991,16282.5
03/11/1991,16485.8
04/11/1991,16827.9
05/11/1991,17243.7
06/11/1991,17524.1
07/11/1991,17665.3
08/11/1991,17000.5
09/11/1991,16485.8
10/11/1991,15980.1
11/11/1991,15450.4
12/11/1991,15286.9
13/11/1991,15221.8
14/11/1991,15614.8
15/11/1991,15980.1
16/11/1991,15880.0
17/11/1991,15747.1
18/11/1991,14866.5
19/11/1991,14295.3
20/11/1991,13767.4
21/11/1991,13280.7
22/11/1991,12863.0
23/11/1991,12745.0
24/11/1991,12686.3
25/11/1991,12745.0
26/11/1991,13522.8
27/11/1991,13644.8
28/11/1991,13767.4
29/11/1991,13583.7
30/11/1991,13644.8
01/12/1991,14107.7
02/12/1991,14358.1
03/12/1991,14421.1
04/12/1991,14706.6
05/12/1991,14962.9
06/12/1991,15124.4
07/12/1991,14898.6
08/12/1991,14738.5
09/12/1991,14547.6
10/12/1991,14326.7
11/12/1991,14170.1
12/12/1991,14045.4
13/12/1991,14263.9
14/12/1991,14770.4
15/12/1991,15483.2
16/12/1991,16827.9
17/12/1991,17878.2
18/12/1991,19186.0
19/12/1991,20087.0
20/12/1991,20933.4
21/12/1991,21167.7
22/12/1991,21011.3
23/12/1991,20700.6
24/12/1991,20430.8
25/12/1991,20507.7
26/12/1991,20855.6
27/12/1991,21089.4
28/12/1991,21206.8
29/12/1991,21246.1
30/12/1991,21403.4
31/12/1991,21521.8
01/01/1992,22079.4
02/01/1992,22563.6
03/01/1992,23177.4
04/01/1992,23259.9
05/01/1992,23259.9
06/01/1992,22808.0
07/01/1992,22039.3
08/01/1992,21246.1
09/01/1992,20584.7
10/01/1992,20087.0
11/01/1992,19708.7
12/01/1992,19708.7
13/01/1992,20049.0
14/01/1992,20125.0
15/01/1992,20125.0
16/01/1992,19558.6
17/01/1992,18890.9
18/01/1992,18598.3
19/01/1992,18525.6
20/01/1992,18854.2
21/01/1992,19001.3
22/01/1992,19001.3
23/01/1992,18671.2
24/01/1992,18380.6
25/01/1992,17878.2
26/01/1992,17524.1
27/01/1992,17104.5
28/01/1992,17069.8
29/01/1992,17453.8
30/01/1992,17665.3
31/01/1992,18416.8
01/02/1992,18854.2
02/02/1992,19297.4
03/02/1992,19558.6
04/02/1992,19708.7
05/02/1992,19973.1
06/02/1992,20201.2
07/02/1992,20277.6
08/02/1992,20277.6
09/02/1992,20354.1
10/02/1992,20778.0
11/02/1992,20855.6
12/02/1992,21050.3
13/02/1992,21246.1
14/02/1992,21442.8
15/02/1992,21759.8
16/02/1992,21879.3
17/02/1992,21919.2
18/02/1992,22039.3
19/02/1992,22119.5
20/02/1992,22767.2
21/02/1992,23053.9
22/02/1992,23136.2
23/02/1992,23177.4
24/02/1992,23095.0
25/02/1992,23425.5
26/02/1992,23508.5
27/02/1992,23342.6
28/02/1992,23342.6
29/02/1992,23301.2
01/03/1992,22808.0
02/03/1992,22644.9
03/03/1992,21959.2
04/03/1992,21403.4
05/03/1992,20469.3
06/03/1992,19859.5
07/03/1992,19112.0
08/03/1992,18453.0
09/03/1992,17807.0
10/03/1992,17594.6
11/03/1992,18164.3
12/03/1992,18416.8
13/03/1992,18671.2
14/03/1992,18927.6
15/03/1992,19334.6
16/03/1992,19897.3
17/03/1992,20507.7
18/03/1992,21167.7
19/03/1992,21640.6
20/03/1992,21999.2
21/03/1992,21999.2
22/03/1992,21999.2
23/03/1992,21799.6
24/03/1992,21364.0
25/03/1992,21089.4
26/03/1992,20778.0
27/03/1992,20469.3
28/03/1992,20933.4
29/03/1992,20972.3
30/03/1992,21128.5
31/03/1992,21442.8
01/04/1992,21680.3
02/04/1992,22119.5
03/04/1992,22442.0
04/04/1992,22644.9
05/04/1992,23177.4
06/04/1992,23591.7
07/04/1992,24178.7
08/04/1992,24603.0
09/04/1992,24902.5
10/04/1992,24988.4
11/04/1992,24859.6
12/04/1992,24859.6
13/04/1992,24347.9
14/04/1992,23591.7
15/04/1992,23342.6
16/04/1992,23136.2
17/04/1992,23136.2
18/04/1992,23259.9
19/04/1992,23095.0
20/04/1992,22685.7
21/04/1992,22361.1
22/04/1992,22361.1
23/04/1992,22199.9
24/04/1992,22442.0
25/04/1992,22644.9
26/04/1992,23053.9
27/04/1992,23467.0
28/04/1992,24178.7
29/04/1992,24816.7
30/04/1992,25464.1
01/05/1992,26253.4
02/05/1992,26519.6
03/05/1992,26966.5
04/05/1992,27236.7
05/05/1992,27553.8
06/05/1992,27918.8
07/05/1992,28240.3
08/05/1992,28564.0
09/05/1992,29076.8
10/05/1992,29728.6
11/05/1992,30496.2
12/05/1992,31166.6
13/05/1992,31848.7
14/05/1992,32600.9
15/05/1992,33011.7
16/05/1992,33486.2
17/05/1992,33725.5
18/05/1992,33845.7
19/05/1992,33725.5
20/05/1992,33486.2
21/05/1992,33367.1
22/05/1992,33367.1
23/05/1992,33248.3
24/05/1992,33011.7
25/05/1992,32893.9
26/05/1992,32776.4
27/05/1992,32717.8
28/05/1992,32717.8
29/05/1992,33486.2
30/05/1992,34026.6
31/05/1992,34451.6
01/06/1992,34819.2
02/06/1992,35314.3
03/06/1992,36512.3
04/06/1992,38536.2
05/06/1992,40717.7
06/06/1992,42201.8
07/06/1992,42923.4
08/06/1992,42996.1
09/06/1992,42561.4
10/06/1992,42273.5
11/06/1992,41773.5
12/06/1992,41207.7
13/06/1992,40578.6
14/06/1992,40163.4
15/06/1992,39478.9
16/06/1992,39005.3
17/06/1992,38270.2
18/06/1992,37611.5
19/06/1992,37026.4
20/06/1992,36384.7
21/06/1992,35004.2
22/06/1992,34696.3
23/06/1992,33545.9
24/06/1992,32717.8
25/06/1992,31734.2
26/06/1992,31054.1
27/06/1992,30718.4
28/06/1992,30385.6
29/06/1992,29837.3
30/06/1992,29458.1
01/07/1992,29030.0
02/07/1992,28656.9
03/07/1992,28378.8
04/07/1992,28332.6
05/07/1992,28703.3
06/07/1992,29404.3
07/07/1992,30165.3
08/07/1992,30829.9
09/07/1992,31054.1
10/07/1992,30885.8
11/07/1992,30385.6
12/07/1992,29189.7
13/07/1992,28610.4
14/07/1992,28010.4
15/07/1992,27011.4
16/07/1992,26342.0
17/07/1992,25464.1
18/07/1992,25117.7
19/07/1992,24305.6
20/07/1992,23591.7
21/07/1992,23177.4
22/07/1992,23259.9
23/07/1992,23301.2
24/07/1992,23425.5
25/07/1992,23591.7
26/07/1992,23675.1
28/07/1992,23342.6
29/07/1992,22930.8
30/07/1992,22644.9
31/07/1992,22482.5
01/08/1992,22644.9
02/08/1992,22563.6
03/08/1992,22604.3
04/08/1992,22685.7
05/08/1992,22767.2
06/08/1992,22644.9
07/08/1992,22523.1
08/08/1992,22361.1
09/08/1992,22119.5
10/08/1992,21640.6
11/08/1992,21324.7
12/08/1992,21167.7
13/08/1992,20972.3
14/08/1992,20700.6
15/08/1992,20623.3
16/08/1992,20700.6
17/08/1992,21089.4
18/08/1992,21521.8
19/08/1992,21839.4
20/08/1992,22280.4
21/08/1992,22644.9
22/08/1992,22563.6
23/08/1992,22644.9
24/08/1992,22644.9
25/08/1992,22563.6
26/08/1992,22523.1
27/08/1992,22401.6
28/08/1992,22039.3
29/08/1992,21759.8
30/08/1992,21521.8
31/08/1992,21640.6
01/09/1992,21720.0
02/09/1992,21640.6
03/09/1992,21324.7
04/09/1992,21128.5
05/09/1992,20816.8
06/09/1992,20739.3
07/09/1992,20469.3
08/09/1992,20354.1
09/09/1992,20430.8
10/09/1992,20700.6
11/09/1992,21050.3
12/09/1992,21167.7
13/09/1992,21324.7
14/09/1992,21482.3
15/09/1992,21720.0
16/09/1992,22240.1
17/09/1992,21959.2
18/09/1992,21959.2
19/09/1992,21561.4
20/09/1992,21246.1
21/09/1992,20816.8
22/09/1992,20546.2
23/09/1992,20507.7
24/09/1992,20933.4
25/09/1992,21246.1
26/09/1992,21640.6
27/09/1992,22079.4
28/09/1992,22199.9
29/09/1992,22361.1
30/09/1992,22442.0
01/10/1992,22604.3
02/10/1992,22930.8
03/10/1992,23095.0
04/10/1992,23053.9
05/10/1992,22767.2
06/10/1992,22685.7
07/10/1992,22604.3
08/10/1992,22523.1
09/10/1992,22240.1
10/10/1992,21839.4
11/10/1992,21680.3
12/10/1992,21680.3
13/10/1992,21680.3
14/10/1992,21720.0
15/10/1992,21720.0
16/10/1992,21720.0
17/10/1992,22159.7
18/10/1992,22644.9
19/10/1992,23301.2
20/10/1992,23716.8
21/10/1992,24178.7
22/10/1992,24517.8
23/10/1992,25031.5
24/10/1992,25507.6
25/10/1992,25594.7
26/10/1992,25944.9
27/10/1992,26253.4
28/10/1992,26697.8
29/10/1992,26921.6
30/10/1992,27191.5
31/10/1992,27236.7
01/11/1992,27463.0
02/11/1992,27599.3
03/11/1992,27735.9
04/11/1992,27735.9
05/11/1992,27690.3
06/11/1992,27417.6
07/11/1992,27146.4
09/11/1992,26253.4
10/11/1992,25900.9
11/11/1992,25813.2
12/11/1992,25682.0
13/11/1992,25638.3
14/11/1992,25377.2
15/11/1992,25333.9
16/11/1992,25551.1
17/11/1992,25638.3
18/11/1992,25813.2
19/11/1992,25944.9
20/11/1992,26076.8
21/11/1992,26076.8
22/11/1992,25944.9
23/11/1992,25769.4
24/11/1992,25594.7
25/11/1992,25551.1
26/11/1992,25551.1
27/11/1992,25725.7
28/11/1992,25769.4
29/11/1992,25857.1
30/11/1992,25988.8
01/12/1992,25725.7
02/12/1992,26386.3
03/12/1992,26564.1
04/12/1992,26742.5
05/12/1992,26876.8
06/12/1992,27417.6
07/12/1992,27327.1
08/12/1992,27417.6
09/12/1992,27508.4
10/12/1992,27553.8
11/12/1992,27508.4
12/12/1992,27191.5
13/12/1992,27056.4
14/12/1992,26430.7
15/12/1992,26253.4
16/12/1992,26076.8
17/12/1992,26032.8
18/12/1992,26165.1
19/12/1992,26076.8
20/12/1992,25900.9
21/12/1992,25769.4
22/12/1992,25638.3
23/12/1992,25551.1
24/12/1992,25333.9
25/12/1992,25247.3
26/12/1992,24945.4
27/12/1992,24603.0
28/12/1992,24263.2
29/12/1992,23926.1
30/12/1992,23675.1
31/12/1992,23550.1
01/01/1993,23675.1
02/01/1993,23675.1
03/01/1993,23675.1
04/01/1993,23591.7
05/01/1993,23508.5
06/01/1993,23467.0
07/01/1993,23012.8
08/01/1993,22848.9
09/01/1993,23259.9
10/01/1993,23095.0
12/01/1993,22361.1
13/01/1993,22039.3
14/01/1993,21879.3
15/01/1993,21720.0
16/01/1993,21601.0
17/01/1993,21521.8
18/01/1993,21521.8
19/01/1993,21482.3
20/01/1993,22280.4
21/01/1993,22848.9
22/01/1993,23136.2
23/01/1993,23550.1
24/01/1993,23591.7
25/01/1993,23591.7
26/01/1993,23508.5
27/01/1993,23508.5
28/01/1993,23425.5
29/01/1993,23675.1
30/01/1993,23800.4
31/01/1993,23926.1
01/02/1993,23842.3
02/02/1993,23842.3
03/02/1993,23716.8
04/02/1993,23508.5
05/02/1993,23384.0
06/02/1993,23301.2
07/02/1993,23259.9
08/02/1993,23177.4
09/02/1993,23177.4
10/02/1993,23259.9
11/02/1993,23218.6
12/02/1993,23301.2
13/02/1993,23342.6
14/02/1993,23342.6
15/02/1993,23425.5
16/02/1993,23425.5
17/02/1993,23550.1
18/02/1993,23716.8
19/02/1993,23758.6
20/02/1993,23842.3
21/02/1993,23926.1
22/02/1993,23968.1
23/02/1993,24094.4
24/02/1993,23926.1
25/02/1993,24010.2
27/02/1993,24688.4
28/02/1993,24945.4
01/03/1993,25117.7
02/03/1993,25551.1
03/03/1993,25857.1
04/03/1993,26209.2
05/03/1993,26342.0
06/03/1993,26475.1
07/03/1993,26966.5
08/03/1993,27508.4
09/03/1993,27781.6
10/03/1993,28148.2
11/03/1993,28286.4
12/03/1993,28564.0
13/03/1993,28564.0
14/03/1993,28610.4
15/03/1993,28564.0
16/03/1993,28286.4
17/03/1993,28102.3
18/03/1993,27781.6
19/03/1993,27372.3
20/03/1993,26832.0
21/03/1993,26120.9
22/03/1993,25117.7
23/03/1993,23884.2
24/03/1993,22442.0
25/03/1993,21999.2
26/03/1993,19784.1
27/03/1993,19038.1
28/03/1993,18598.3
29/03/1993,18525.6
30/03/1993,18453.0
31/03/1993,18380.6
01/04/1993,18236.2
02/04/1993,18164.3
03/04/1993,18164.3
04/04/1993,18128.4
05/04/1993,18128.4
06/04/1993,18020.9
07/04/1993,17949.5
08/04/1993,17878.2
09/04/1993,17842.6
10/04/1993,18164.3
11/04/1993,18598.3
12/04/1993,18780.9
13/04/1993,19001.3
14/04/1993,18817.5
15/04/1993,18671.2
16/04/1993,18598.3
17/04/1993,19038.1
18/04/1993,19409.1
19/04/1993,19633.6
20/04/1993,19708.7
21/04/1993,19859.5
22/04/1993,19784.1
23/04/1993,19633.6
24/04/1993,19371.8
25/04/1993,19260.2
26/04/1993,19038.1
27/04/1993,19038.1
28/04/1993,19186.0
29/04/1993,19297.4
30/04/1993,19260.2
01/05/1993,19038.1
02/05/1993,18780.9
03/05/1993,18236.2
04/05/1993,17878.2
05/05/1993,17418.7
06/05/1993,17069.8
07/05/1993,16759.2
08/05/1993,16553.9
09/05/1993,16350.1
10/05/1993,16181.3
11/05/1993,16181.3
12/05/1993,16485.8
13/05/1993,16793.6
14/05/1993,16862.4
15/05/1993,16862.4
16/05/1993,16862.4
17/05/1993,17348.6
18/05/1993,18561.9
19/05/1993,20469.3
20/05/1993,21482.3
21/05/1993,23467.0
22/05/1993,24347.9
23/05/1993,24475.3
24/05/1993,24136.5
25/05/1993,23758.6
26/05/1993,22523.1
27/05/1993,21561.4
28/05/1993,20778.0
29/05/1993,19708.7
30/05/1993,19558.6
31/05/1993,19149.0
01/06/1993,18927.6
02/06/1993,18236.2
03/06/1993,17913.8
04/06/1993,17913.8
05/06/1993,18236.2
06/06/1993,18744.3
07/06/1993,18964.4
08/06/1993,19075.0
09/06/1993,19558.6
10/06/1993,20011.0
11/06/1993,20507.7
12/06/1993,20546.2
13/06/1993,20469.3
14/06/1993,20315.9
15/06/1993,20239.4
16/06/1993,20354.1
17/06/1993,20469.3
18/06/1993,20392.5
19/06/1993,20087.0
20/06/1993,19708.7
21/06/1993,19596.1
22/06/1993,19483.7
23/06/1993,19708.7
24/06/1993,19708.7
25/06/1993,19746.4
26/06/1993,19746.4
27/06/1993,19746.4
28/06/1993,19859.5
29/06/1993,19784.1
30/06/1993,19558.6
01/07/1993,19334.6
02/07/1993,18964.4
03/07/1993,18308.3
04/07/1993,17665.3
05/07/1993,17139.2
06/07/1993,17000.5
07/07/1993,17453.8
08/07/1993,17736.1
09/07/1993,17736.1
10/07/1993,17594.6
11/07/1993,17594.6
12/07/1993,17594.6
13/07/1993,17488.9
14/07/1993,17139.2
15/07/1993,16656.4
16/07/1993,16417.9
17/07/1993,16350.1
18/07/1993,16827.9
19/07/1993,17104.5
20/07/1993,17453.8
21/07/1993,17524.1
22/07/1993,17700.6
23/07/1993,17949.5
24/07/1993,18380.6
25/07/1993,18380.6
26/07/1993,19633.6
27/07/1993,19708.7
28/07/1993,19558.6
29/07/1993,19334.6
30/07/1993,18927.6
31/07/1993,18236.2
01/08/1993,17629.9
02/08/1993,17069.8
03/08/1993,16827.9
04/08/1993,17243.7
05/08/1993,17665.3
06/08/1993,18020.9
07/08/1993,17842.6
08/08/1993,17629.9
09/08/1993,17594.6
10/08/1993,17313.6
11/08/1993,16965.9
12/08/1993,16724.9
13/08/1993,16553.9
14/08/1993,16215.0
15/08/1993,16080.5
16/08/1993,15946.7
17/08/1993,15946.7
18/08/1993,15813.5
19/08/1993,15614.8
20/08/1993,15516.0
21/08/1993,15384.9
22/08/1993,15286.9
23/08/1993,15254.3
24/08/1993,15384.9
25/08/1993,15092.1
26/08/1993,14515.9
27/08/1993,14579.3
28/08/1993,14834.4
29/08/1993,14962.9
30/08/1993,15092.1
31/08/1993,15124.4
01/09/1993,15286.9
02/09/1993,15483.2
03/09/1993,15548.9
04/09/1993,15352.2
05/09/1993,15286.9
06/09/1993,15221.8
07/09/1993,15286.9
08/09/1993,15156.9
09/09/1993,15124.4
10/09/1993,15027.4
11/09/1993,14962.9
12/09/1993,14866.5
13/09/1993,14802.4
14/09/1993,14802.4
15/09/1993,14834.4
16/09/1993,14866.5
17/09/1993,14674.7
18/09/1993,14770.4
19/09/1993,14995.2
20/09/1993,15319.5
21/09/1993,15680.9
22/09/1993,15813.5
23/09/1993,15946.7
24/09/1993,16282.5
25/09/1993,16553.9
26/09/1993,16622.2
27/09/1993,16485.8
28/09/1993,16896.8
29/09/1993,17313.6
30/09/1993,18272.3
01/10/1993,19409.1
02/10/1993,20507.7
03/10/1993,21167.7
04/10/1993,21959.2
05/10/1993,22971.8
06/10/1993,24221.0
07/10/1993,25551.1
08/10/1993,27236.7
09/10/1993,28564.0
10/10/1993,29458.1
11/10/1993,29458.1
12/10/1993,29458.1
13/10/1993,29458.1
14/10/1993,29458.1
15/10/1993,28749.9
16/10/1993,28240.3
17/10/1993,27599.3
18/10/1993,27056.4
19/10/1993,26165.1
20/10/1993,25377.2
21/10/1993,24094.4
22/10/1993,22848.9
23/10/1993,22240.1
24/10/1993,21799.6
25/10/1993,21561.4
26/10/1993,21167.7
27/10/1993,20933.4
28/10/1993,20933.4
29/10/1993,20894.5
30/10/1993,20778.0
31/10/1993,20700.6
01/11/1993,20778.0
02/11/1993,20661.9
03/11/1993,20469.3
04/11/1993,20354.1
05/11/1993,20201.2
06/11/1993,19935.2
07/11/1993,19708.7
08/11/1993,19334.6
09/11/1993,19038.1
10/11/1993,18890.9
11/11/1993,18890.9
12/11/1993,19001.3
13/11/1993,19149.0
14/11/1993,19075.0
15/11/1993,19260.2
16/11/1993,19186.0
17/11/1993,19260.2
18/11/1993,19334.6
19/11/1993,19260.2
20/11/1993,19038.1
21/11/1993,18780.9
22/11/1993,18272.3
23/11/1993,17878.2
24/11/1993,17665.3
25/11/1993,17524.1
26/11/1993,17524.1
27/11/1993,17243.7
28/11/1993,16896.8
29/11/1993,16485.8
30/11/1993,16181.3
01/12/1993,16316.3
02/12/1993,16350.1
03/12/1993,16519.9
04/12/1993,16622.2
05/12/1993,16759.2
06/12/1993,17069.8
07/12/1993,17139.2
08/12/1993,17243.7
09/12/1993,17524.1
10/12/1993,17913.8
11/12/1993,17913.8
12/12/1993,17736.1
13/12/1993,17524.1
14/12/1993,17313.6
15/12/1993,17243.7
16/12/1993,17208.9
17/12/1993,17348.6
18/12/1993,17383.6
19/12/1993,17559.3
20/12/1993,17700.6
21/12/1993,17736.1
22/12/1993,17736.1
23/12/1993,17878.2
24/12/1993,17985.2
25/12/1993,18056.7
26/12/1993,18056.7
27/12/1993,17807.0
28/12/1993,17488.9
29/12/1993,17278.6
30/12/1993,16896.8
31/12/1993,16553.9
01/01/1994,16384.0
02/01/1994,15747.1
03/01/1994,15483.2
04/01/1994,15189.3
05/01/1994,15092.1
06/01/1994,15286.9
07/01/1994,15614.8
08/01/1994,15780.3
09/01/1994,15780.3
10/01/1994,15483.2
11/01/1994,15254.3
12/01/1994,14962.9
13/01/1994,14674.7
14/01/1994,14579.3
15/01/1994,14579.3
16/01/1994,14898.6
17/01/1994,15483.2
18/01/1994,15946.7
19/01/1994,16147.7
20/01/1994,15946.7
21/01/1994,15483.2
22/01/1994,15581.9
23/01/1994,15813.5
24/01/1994,16215.0
25/01/1994,17383.6
26/01/1994,18634.7
27/01/1994,19112.0
28/01/1994,19558.6
29/01/1994,19784.1
30/01/1994,19973.1
31/01/1994,20201.2
01/02/1994,20277.6
02/02/1994,20584.7
03/02/1994,20933.4
04/02/1994,21324.7
05/02/1994,21720.0
06/02/1994,22039.3
07/02/1994,22401.6
08/02/1994,22848.9
09/02/1994,22930.8
10/02/1994,23177.4
11/02/1994,23425.5
12/02/1994,23633.4
13/02/1994,23675.1
14/02/1994,23842.3
15/02/1994,24052.2
16/02/1994,24178.7
17/02/1994,24221.0
18/02/1994,24475.3
19/02/1994,24517.8
20/02/1994,24178.7
21/02/1994,23926.1
22/02/1994,23926.1
23/02/1994,23800.4
24/02/1994,23550.1
25/02/1994,23053.9
26/02/1994,23177.4
27/02/1994,22971.8
28/02/1994,22685.7
01/03/1994,22401.6
02/03/1994,22119.5
03/03/1994,21839.4
04/03/1994,21521.8
05/03/1994,21246.1
06/03/1994,20933.4
07/03/1994,20661.9
08/03/1994,20469.3
09/03/1994,20163.1
10/03/1994,20011.0
11/03/1994,19708.7
12/03/1994,19260.2
13/03/1994,18671.2
14/03/1994,18236.2
15/03/1994,17878.2
16/03/1994,17807.0
17/03/1994,17736.1
18/03/1994,17594.6
19/03/1994,17594.6
20/03/1994,17488.9
21/03/1994,17453.8
22/03/1994,17524.1
23/03/1994,17736.1
24/03/1994,17842.6
25/03/1994,17913.8
26/03/1994,17878.2
27/03/1994,17771.5
28/03/1994,17665.3
29/03/1994,17559.3
30/03/1994,17594.6
31/03/1994,17736.1
01/04/1994,18092.5
02/04/1994,18380.6
03/04/1994,18489.3
04/04/1994,18634.7
05/04/1994,18744.3
06/04/1994,18890.9
07/04/1994,19038.1
08/04/1994,19112.0
09/04/1994,18817.5
10/04/1994,18525.6
11/04/1994,18164.3
12/04/1994,17559.3
13/04/1994,17035.1
14/04/1994,16485.8
15/04/1994,16282.5
16/04/1994,16080.5
17/04/1994,15680.9
18/04/1994,15352.2
19/04/1994,15483.2
20/04/1994,15614.8
21/04/1994,15614.8
22/04/1994,15780.3
23/04/1994,15946.7
24/04/1994,16013.5
25/04/1994,16080.5
26/04/1994,16316.3
27/04/1994,16588.0
28/04/1994,17000.5
29/04/1994,17243.7
30/04/1994,17348.6
01/05/1994,17418.7
02/05/1994,17418.7
03/05/1994,17035.1
04/05/1994,16724.9
05/05/1994,16451.8
06/05/1994,16350.1
07/05/1994,16147.7
08/05/1994,15980.1
09/05/1994,15813.5
10/05/1994,15813.5
11/05/1994,15813.5
12/05/1994,15647.8
13/05/1994,15483.2
14/05/1994,15483.2
15/05/1994,15417.6
16/05/1994,15189.3
17/05/1994,15254.3
18/05/1994,15417.6
19/05/1994,15417.6
20/05/1994,15417.6
21/05/1994,15483.2
22/05/1994,15647.8
23/05/1994,15880.0
24/05/1994,15980.1
25/05/1994,15980.1
26/05/1994,15680.9
27/05/1994,15548.9
28/05/1994,15980.1
29/05/1994,16013.5
30/05/1994,16759.2
31/05/1994,17985.2
01/06/1994,19334.6
02/06/1994,20087.0
03/06/1994,20855.6
04/06/1994,21720.0
05/06/1994,22361.1
06/06/1994,22604.3
07/06/1994,23177.4
08/06/1994,23425.5
09/06/1994,23508.5
10/06/1994,23591.7
11/06/1994,23591.7
12/06/1994,23342.6
13/06/1994,23012.8
14/06/1994,22523.1
15/06/1994,22039.3
16/06/1994,21601.0
17/06/1994,20778.0
18/06/1994,20277.6
19/06/1994,19708.7
20/06/1994,19223.1
21/06/1994,18744.3
22/06/1994,18489.3
23/06/1994,18236.2
24/06/1994,18308.3
25/06/1994,18890.9
26/06/1994,20661.9
27/06/1994,22039.3
28/06/1994,23095.0
29/06/1994,23926.1
30/06/1994,24432.8
01/07/1994,24859.6
02/07/1994,25247.3
03/07/1994,25333.9
04/07/1994,25333.9
05/07/1994,25204.0
06/07/1994,25117.7
07/07/1994,24945.4
08/07/1994,24731.1
09/07/1994,24432.8
10/07/1994,24432.8
11/07/1994,24688.4
12/07/1994,24816.7
13/07/1994,24902.5
14/07/1994,24902.5
15/07/1994,24688.4
16/07/1994,24475.3
17/07/1994,24094.4
18/07/1994,23342.6
19/07/1994,22079.4
20/07/1994,21640.6
21/07/1994,21246.1
22/07/1994,21050.3
23/07/1994,19859.5
24/07/1994,19149.0
25/07/1994,18817.5
26/07/1994,18308.3
27/07/1994,17174.0
28/07/1994,16656.4
29/07/1994,17174.0
30/07/1994,17383.6
31/07/1994,17524.1
01/08/1994,17878.2
02/08/1994,18272.3
03/08/1994,18525.6
04/08/1994,18453.0
05/08/1994,18453.0
06/08/1994,18525.6
07/08/1994,18525.6
08/08/1994,17418.7
09/08/1994,16656.4
10/08/1994,16485.8
11/08/1994,16080.5
12/08/1994,15813.5
13/08/1994,15780.3
14/08/1994,15680.9
15/08/1994,15450.4
16/08/1994,15417.6
17/08/1994,15417.6
18/08/1994,15483.2
19/08/1994,15483.2
20/08/1994,15483.2
21/08/1994,15254.3
22/08/1994,14834.4
23/08/1994,14770.4
24/08/1994,14326.7
25/08/1994,13952.4
26/08/1994,13798.1
27/08/1994,14107.7
28/08/1994,14642.9
29/08/1994,14995.2
30/08/1994,14515.9
31/08/1994,13890.6
01/09/1994,13644.8
02/09/1994,13401.5
03/09/1994,13890.6
04/09/1994,14138.8
05/09/1994,14295.3
06/09/1994,14232.6
07/09/1994,13859.7
08/09/1994,13492.4
09/09/1994,13190.6
10/09/1994,13614.2
11/09/1994,13614.2
12/09/1994,13583.7
13/09/1994,13583.7
14/09/1994,13401.5
15/09/1994,13401.5
16/09/1994,13041.1
17/09/1994,13462.0
18/09/1994,14579.3
19/09/1994,15813.5
20/09/1994,16485.8
21/09/1994,16215.0
22/09/1994,15156.9
23/09/1994,14138.8
24/09/1994,13706.0
25/09/1994,14201.3
26/09/1994,14515.9
27/09/1994,14579.3
28/09/1994,14452.7
29/09/1994,14263.9
30/09/1994,14389.6
01/10/1994,14295.3
02/10/1994,14232.6
03/10/1994,14232.6
04/10/1994,14263.9
05/10/1994,14170.1
06/10/1994,13859.7
07/10/1994,14076.5
08/10/1994,14389.6
09/10/1994,14515.9
10/10/1994,14738.5
11/10/1994,14674.7
12/10/1994,14484.3
13/10/1994,14201.3
14/10/1994,14138.8
15/10/1994,14014.4
16/10/1994,13767.4
17/10/1994,13736.7
18/10/1994,13828.9
19/10/1994,13890.6
20/10/1994,13675.4
21/10/1994,13767.4
22/10/1994,14014.4
23/10/1994,15286.9
24/10/1994,16656.4
25/10/1994,17453.8
26/10/1994,18236.2
27/10/1994,18817.5
28/10/1994,19260.2
29/10/1994,19558.6
30/10/1994,19186.0
31/10/1994,18308.3
01/11/1994,17736.1
02/11/1994,17488.9
03/11/1994,17243.7
04/11/1994,17383.6
05/11/1994,17383.6
06/11/1994,17807.0
07/11/1994,17949.5
08/11/1994,18056.7
09/11/1994,18489.3
10/11/1994,19038.1
11/11/1994,19708.7
12/11/1994,20700.6
13/11/1994,21919.2
14/11/1994,22563.6
15/11/1994,22808.0
16/11/1994,23259.9
17/11/1994,23384.0
18/11/1994,24010.2
19/11/1994,23467.0
20/11/1994,22848.9
21/11/1994,22401.6
22/11/1994,21879.3
23/11/1994,21521.8
24/11/1994,21206.8
25/11/1994,20933.4
26/11/1994,20507.7
27/11/1994,20239.4
28/11/1994,19935.2
29/11/1994,19897.3
30/11/1994,19371.8
01/12/1994,18964.4
02/12/1994,18598.3
03/12/1994,18489.3
04/12/1994,18308.3
05/12/1994,18020.9
06/12/1994,17807.0
07/12/1994,17629.9
08/12/1994,17524.1
09/12/1994,17665.3
10/12/1994,17524.1
11/12/1994,17383.6
12/12/1994,17348.6
13/12/1994,17313.6
14/12/1994,17104.5
15/12/1994,16588.0
16/12/1994,16215.0
17/12/1994,16080.5
18/12/1994,16384.0
19/12/1994,16519.9
20/12/1994,16451.8
21/12/1994,16350.1
22/12/1994,16215.0
23/12/1994,15813.5
24/12/1994,15548.9
25/12/1994,15614.8
26/12/1994,15813.5
27/12/1994,15913.3
28/12/1994,15548.9
29/12/1994,14962.9
30/12/1994,14421.1
31/12/1994,14201.3
01/01/1995,14389.6
02/01/1995,14515.9
03/01/1995,15483.2
04/01/1995,16316.3
05/01/1995,17736.1
06/01/1995,18854.2
07/01/1995,19708.7
08/01/1995,20011.0
09/01/1995,20011.0
10/01/1995,20011.0
11/01/1995,19859.5
12/01/1995,20087.0
13/01/1995,20430.8
14/01/1995,20933.4
15/01/1995,21919.2
16/01/1995,23095.0
17/01/1995,24560.4
18/01/1995,25857.1
19/01/1995,27690.3
20/01/1995,28796.5
21/01/1995,30275.3
22/01/1995,30997.9
23/01/1995,31336.0
24/01/1995,31677.0
25/01/1995,31734.2
26/01/1995,31848.7
27/01/1995,31734.2
28/01/1995,31734.2
29/01/1995,31054.1
30/01/1995,30275.3
31/01/1995,29350.5
01/02/1995,28148.2
02/02/1995,27146.4
03/02/1995,26608.6
04/02/1995,25725.7
05/02/1995,25290.5
06/02/1995,25074.5
07/02/1995,25074.5
08/02/1995,25204.0
09/02/1995,25464.1
10/02/1995,25769.4
11/02/1995,25857.1
12/02/1995,25988.8
13/02/1995,26253.4
14/02/1995,26342.0
15/02/1995,26564.1
16/02/1995,26697.8
17/02/1995,26832.0
18/02/1995,27011.4
19/02/1995,27101.4
20/02/1995,27236.7
21/02/1995,27599.3
22/02/1995,27599.3
23/02/1995,27827.3
24/02/1995,28148.2
25/02/1995,28286.4
26/02/1995,28517.6
27/02/1995,28656.9
28/02/1995,29136.2
01/03/1995,29566.1
02/03/1995,29837.3
03/03/1995,30000.9
04/03/1995,30220.2
05/03/1995,30885.8
06/03/1995,31054.1
07/03/1995,31054.1
08/03/1995,30997.9
09/03/1995,31223.0
10/03/1995,31054.1
11/03/1995,30607.1
12/03/1995,29946.3
13/03/1995,29243.2
14/03/1995,28332.6
15/03/1995,27553.8
16/03/1995,26697.8
17/03/1995,26076.8
18/03/1995,25594.7
19/03/1995,25117.7
20/03/1995,23467.0
21/03/1995,22971.8
22/03/1995,22401.6
23/03/1995,21919.2
24/03/1995,21879.3
25/03/1995,21839.4
26/03/1995,22119.5
27/03/1995,22523.1
28/03/1995,22523.1
29/03/1995,22604.3
30/03/1995,22563.6
31/03/1995,22361.1
01/04/1995,22119.5
02/04/1995,21999.2
03/04/1995,21839.4
04/04/1995,21640.6
05/04/1995,21799.6
06/04/1995,21999.2
07/04/1995,21879.3
08/04/1995,21720.0
09/04/1995,21640.6
10/04/1995,21601.0
11/04/1995,21482.3
12/04/1995,21324.7
13/04/1995,21050.3
14/04/1995,20972.3
15/04/1995,21089.4
16/04/1995,21167.7
17/04/1995,21011.3
18/04/1995,20623.3
19/04/1995,20277.6
20/04/1995,20087.0
21/04/1995,19859.5
22/04/1995,19859.5
23/04/1995,20700.6
24/04/1995,21720.0
25/04/1995,22361.1
26/04/1995,22685.7
27/04/1995,23012.8
28/04/1995,22848.9
29/04/1995,22644.9
30/04/1995,22361.1
01/05/1995,22280.4
02/05/1995,22442.0
03/05/1995,22280.4
04/05/1995,22039.3
05/05/1995,21839.4
06/05/1995,21403.4
07/05/1995,21011.3
08/05/1995,20392.5
09/05/1995,19935.2
10/05/1995,19633.6
11/05/1995,19334.6
12/05/1995,18964.4
13/05/1995,18744.3
14/05/1995,18671.2
15/05/1995,19112.0
16/05/1995,19334.6
17/05/1995,19558.6
18/05/1995,19708.7
19/05/1995,19897.3
20/05/1995,20011.0
21/05/1995,19973.1
22/05/1995,19821.8
23/05/1995,19708.7
24/05/1995,19633.6
25/05/1995,19558.6
26/05/1995,19334.6
27/05/1995,18817.5
28/05/1995,18236.2
29/05/1995,18128.4
30/05/1995,17949.5
31/05/1995,17736.1
01/06/1995,17069.8
02/06/1995,16827.9
03/06/1995,17139.2
04/06/1995,17313.6
05/06/1995,17700.6
06/06/1995,17949.5
07/06/1995,18092.5
08/06/1995,18056.7
09/06/1995,17878.2
10/06/1995,17807.0
11/06/1995,17665.3
12/06/1995,17594.6
13/06/1995,17700.6
14/06/1995,17736.1
15/06/1995,17453.8
16/06/1995,17348.6
17/06/1995,17524.1
18/06/1995,17629.9
19/06/1995,17313.6
20/06/1995,17035.1
21/06/1995,16827.9
22/06/1995,16690.6
23/06/1995,16622.2
24/06/1995,16622.2
25/06/1995,16690.6
26/06/1995,16759.2
27/06/1995,16724.9
28/06/1995,16656.4
29/06/1995,16316.3
30/06/1995,16147.7
01/07/1995,16384.0
02/07/1995,16759.2
03/07/1995,16931.4
04/07/1995,17069.8
05/07/1995,16896.8
06/07/1995,16759.2
07/07/1995,17000.5
08/07/1995,17174.0
09/07/1995,17243.7
10/07/1995,17069.8
11/07/1995,16931.4
12/07/1995,16896.8
13/07/1995,17488.9
14/07/1995,18164.3
15/07/1995,18780.9
16/07/1995,19409.1
17/07/1995,20011.0
18/07/1995,20277.6
19/07/1995,20087.0
20/07/1995,19784.1
21/07/1995,19260.2
22/07/1995,18780.9
23/07/1995,18308.3
24/07/1995,18056.7
25/07/1995,17807.0
26/07/1995,17771.5
27/07/1995,17629.9
28/07/1995,17383.6
29/07/1995,17104.5
30/07/1995,17104.5
31/07/1995,16862.4
01/08/1995,16724.9
02/08/1995,16724.9
03/08/1995,16759.2
04/08/1995,16827.9
05/08/1995,16656.4
06/08/1995,16417.9
07/08/1995,16622.2
08/08/1995,16896.8
09/08/1995,16656.4
10/08/1995,16417.9
11/08/1995,16181.3
12/08/1995,16316.3
13/08/1995,16588.0
14/08/1995,16931.4
15/08/1995,17035.1
16/08/1995,16588.0
17/08/1995,16013.5
18/08/1995,15548.9
19/08/1995,15614.8
20/08/1995,15614.8
21/08/1995,15483.2
22/08/1995,15516.0
23/08/1995,15156.9
24/08/1995,14674.7
25/08/1995,14515.9
26/08/1995,14484.3
27/08/1995,14834.4
28/08/1995,15156.9
29/08/1995,15319.5
30/08/1995,15156.9
31/08/1995,15059.7
01/09/1995,14930.7
02/09/1995,14930.7
03/09/1995,15124.4
04/09/1995,15417.6
05/09/1995,15516.0
06/09/1995,15747.1
07/09/1995,15156.9
08/09/1995,15156.9
09/09/1995,15059.7
10/09/1995,14898.6
11/09/1995,14738.5
12/09/1995,14770.4
13/09/1995,14834.4
14/09/1995,14738.5
15/09/1995,14738.5
16/09/1995,14834.4
17/09/1995,14930.7
18/09/1995,15092.1
19/09/1995,15221.8
20/09/1995,15319.5
21/09/1995,14962.9
22/09/1995,14834.4
23/09/1995,14898.6
24/09/1995,14898.6
25/09/1995,14770.4
26/09/1995,14611.1
27/09/1995,14642.9
28/09/1995,14866.5
29/09/1995,15319.5
30/09/1995,16282.5
01/10/1995,17174.0
02/10/1995,18020.9
03/10/1995,18598.3
04/10/1995,19038.1
05/10/1995,19149.0
06/10/1995,18671.2
07/10/1995,18598.3
08/10/1995,17771.5
09/10/1995,18020.9
10/10/1995,18707.7
11/10/1995,19075.0
12/10/1995,19260.2
13/10/1995,19334.6
14/10/1995,19334.6
15/10/1995,18964.4
16/10/1995,18634.7
17/10/1995,18344.4
18/10/1995,18598.3
19/10/1995,18890.9
20/10/1995,19334.6
21/10/1995,20087.0
22/10/1995,20315.9
23/10/1995,20392.5
24/10/1995,20816.8
25/10/1995,21246.1
26/10/1995,22039.3
27/10/1995,22442.0
28/10/1995,22808.0
29/10/1995,22808.0
30/10/1995,22280.4
31/10/1995,21640.6
01/11/1995,21089.4
02/11/1995,20778.0
03/11/1995,20392.5
04/11/1995,19671.1
05/11/1995,18927.6
06/11/1995,18308.3
07/11/1995,18200.2
08/11/1995,18598.3
09/11/1995,18634.7
10/11/1995,18344.4
11/11/1995,17949.5
12/11/1995,17524.1
13/11/1995,17278.6
14/11/1995,17035.1
15/11/1995,16553.9
16/11/1995,15548.9
17/11/1995,15156.9
18/11/1995,15352.2
19/11/1995,16013.5
20/11/1995,16485.8
21/11/1995,17035.1
22/11/1995,17174.0
23/11/1995,17208.9
24/11/1995,17208.9
25/11/1995,17208.9
26/11/1995,17174.0
27/11/1995,16827.9
28/11/1995,16485.8
29/11/1995,16316.3
30/11/1995,16215.0
01/12/1995,16114.1
02/12/1995,15813.5
03/12/1995,15614.8
04/12/1995,15581.9
05/12/1995,15516.0
06/12/1995,15156.9
07/12/1995,14866.5
08/12/1995,14706.6
09/12/1995,14706.6
10/12/1995,14866.5
11/12/1995,15027.4
12/12/1995,14962.9
13/12/1995,14770.4
14/12/1995,14834.4
15/12/1995,14834.4
16/12/1995,14866.5
17/12/1995,14962.9
18/12/1995,14802.4
19/12/1995,14738.5
20/12/1995,14674.7
21/12/1995,14263.9
22/12/1995,14170.1
23/12/1995,14138.8
24/12/1995,14358.1
25/12/1995,14642.9
26/12/1995,15027.4
27/12/1995,14706.6
28/12/1995,14515.9
29/12/1995,14358.1
30/12/1995,14201.3
31/12/1995,13890.6
01/01/1996,13644.8
02/01/1996,13462.0
03/01/1996,13583.7
04/01/1996,13614.2
05/01/1996,13675.4
06/01/1996,13890.6
07/01/1996,13736.7
08/01/1996,13675.4
09/01/1996,13583.7
10/01/1996,13250.6
11/01/1996,12774.5
12/01/1996,12569.2
13/01/1996,12510.9
14/01/1996,12803.9
15/01/1996,12981.6
16/01/1996,13190.6
17/01/1996,13706.0
18/01/1996,14579.3
19/01/1996,15221.8
20/01/1996,15846.7
21/01/1996,16248.7
22/01/1996,16690.6
23/01/1996,17313.6
24/01/1996,18164.3
25/01/1996,18598.3
26/01/1996,19260.2
27/01/1996,20087.0
28/01/1996,20778.0
29/01/1996,21364.0
30/01/1996,21879.3
31/01/1996,22280.4
01/02/1996,22442.0
02/02/1996,22240.1
03/02/1996,21959.2
04/02/1996,21839.4
05/02/1996,21919.2
06/02/1996,22119.5
07/02/1996,21959.2
08/02/1996,21640.6
09/02/1996,21561.4
10/02/1996,21482.3
11/02/1996,21640.6
12/02/1996,21680.3
13/02/1996,21720.0
14/02/1996,21919.2
15/02/1996,22523.1
16/02/1996,22971.8
17/02/1996,23425.5
18/02/1996,23633.4
19/02/1996,23508.5
20/02/1996,23053.9
21/02/1996,22604.3
22/02/1996,21879.3
23/02/1996,21246.1
24/02/1996,21246.1
25/02/1996,20354.1
26/02/1996,19784.1
27/02/1996,19038.1
28/02/1996,18598.3
29/02/1996,18671.2
01/03/1996,18964.4
02/03/1996,18817.5
03/03/1996,18489.3
04/03/1996,18272.3
05/03/1996,18272.3
06/03/1996,17878.2
07/03/1996,17594.6
08/03/1996,17807.0
09/03/1996,18453.0
10/03/1996,18927.6
11/03/1996,19297.4
12/03/1996,19935.2
13/03/1996,20739.3
14/03/1996,21128.5
15/03/1996,21442.8
16/03/1996,21680.3
17/03/1996,21799.6
18/03/1996,21482.3
19/03/1996,21128.5
20/03/1996,20816.8
21/03/1996,20623.3
22/03/1996,20469.3
23/03/1996,20239.4
24/03/1996,20354.1
25/03/1996,20623.3
26/03/1996,21167.7
27/03/1996,21442.8
28/03/1996,21720.0
29/03/1996,21799.6
30/03/1996,21680.3
31/03/1996,21442.8
01/04/1996,21839.4
02/04/1996,22685.7
03/04/1996,23467.0
04/04/1996,24263.2
05/04/1996,25290.5
06/04/1996,25725.7
07/04/1996,26120.9
08/04/1996,26209.2
09/04/1996,25944.9
10/04/1996,25682.0
11/04/1996,25204.0
12/04/1996,24560.4
13/04/1996,23842.3
14/04/1996,23177.4
15/04/1996,22523.1
16/04/1996,22119.5
17/04/1996,21680.3
18/04/1996,21246.1
19/04/1996,20933.4
20/04/1996,20661.9
21/04/1996,20239.4
22/04/1996,19708.7
23/04/1996,19112.0
24/04/1996,19558.6
25/04/1996,19784.1
26/04/1996,20277.6
27/04/1996,20354.1
28/04/1996,20011.0
29/04/1996,19708.7
30/04/1996,19483.7
01/05/1996,19112.0
02/05/1996,18890.9
03/05/1996,18707.7
04/05/1996,18634.7
05/05/1996,18561.9
06/05/1996,18453.0
07/05/1996,18308.3
08/05/1996,18236.2
09/05/1996,18056.7
10/05/1996,17878.2
11/05/1996,17878.2
12/05/1996,17878.2
13/05/1996,17985.2
14/05/1996,18092.5
15/05/1996,18236.2
16/05/1996,17949.5
17/05/1996,17700.6
18/05/1996,17069.8
19/05/1996,17208.9
20/05/1996,17313.6
21/05/1996,17278.6
22/05/1996,16827.9
23/05/1996,16588.0
24/05/1996,16451.8
25/05/1996,16215.0
26/05/1996,16114.1
27/05/1996,16316.3
28/05/1996,16417.9
29/05/1996,16519.9
30/05/1996,16350.1
31/05/1996,16384.0
01/06/1996,16451.8
02/06/1996,16519.9
03/06/1996,16690.6
04/06/1996,17069.8
05/06/1996,17104.5
06/06/1996,16827.9
07/06/1996,16588.0
08/06/1996,16553.9
09/06/1996,16553.9
10/06/1996,16485.8
11/06/1996,16384.0
12/06/1996,16282.5
13/06/1996,16215.0
14/06/1996,16080.5
15/06/1996,15980.1
16/06/1996,16013.5
17/06/1996,15980.1
18/06/1996,15980.1
19/06/1996,15980.1
20/06/1996,15747.1
21/06/1996,15483.2
22/06/1996,15352.2
23/06/1996,15714.0
24/06/1996,16316.3
25/06/1996,16862.4
26/06/1996,16827.9
27/06/1996,16181.3
28/06/1996,15483.2
29/06/1996,14898.6
30/06/1996,15156.9
01/07/1996,15813.5
02/07/1996,16350.1
03/07/1996,16519.9
04/07/1996,16147.7
05/07/1996,15647.8
06/07/1996,15417.6
07/07/1996,15417.6
08/07/1996,15548.9
09/07/1996,15813.5
10/07/1996,15780.3
11/07/1996,15813.5
12/07/1996,15946.7
13/07/1996,16181.3
14/07/1996,16827.9
15/07/1996,17524.1
16/07/1996,17878.2
17/07/1996,17524.1
18/07/1996,17104.5
19/07/1996,16690.6
20/07/1996,16485.8
21/07/1996,16485.8
22/07/1996,16248.7
23/07/1996,16047.0
24/07/1996,15913.3
25/07/1996,15483.2
26/07/1996,15092.1
27/07/1996,14326.7
28/07/1996,13890.6
29/07/1996,13767.4
30/07/1996,13890.6
31/07/1996,13798.1
01/08/1996,13522.8
02/08/1996,13100.8
03/08/1996,12598.4
04/08/1996,12452.8
05/08/1996,12863.0
06/08/1996,13190.6
07/08/1996,13310.8
08/08/1996,13553.2
09/08/1996,13553.2
10/08/1996,13890.6
11/08/1996,14389.6
12/08/1996,14898.6
13/08/1996,14770.4
14/08/1996,14201.3
15/08/1996,13828.9
16/08/1996,13828.9
17/08/1996,14014.4
18/08/1996,14107.7
19/08/1996,14326.7
20/08/1996,14452.7
21/08/1996,14515.9
22/08/1996,14045.4
23/08/1996,13522.8
24/08/1996,13371.2
25/08/1996,13462.0
26/08/1996,13614.2
27/08/1996,13706.0
28/08/1996,13767.4
29/08/1996,13798.1
30/08/1996,13736.7
31/08/1996,14107.7
01/09/1996,14326.7
02/09/1996,14201.3
03/09/1996,14358.1
04/09/1996,14770.4
05/09/1996,14642.9
06/09/1996,14201.3
07/09/1996,13890.6
08/09/1996,14014.4
09/09/1996,14452.7
10/09/1996,14770.4
11/09/1996,14642.9
12/09/1996,14263.9
13/09/1996,14076.5
14/09/1996,14579.3
15/09/1996,15483.2
16/09/1996,16147.7
17/09/1996,16485.8
18/09/1996,16451.8
19/09/1996,15747.1
20/09/1996,15156.9
21/09/1996,14930.7
22/09/1996,14898.6
23/09/1996,15319.5
24/09/1996,15548.9
25/09/1996,15352.2
26/09/1996,14706.6
27/09/1996,14484.3
28/09/1996,14201.3
29/09/1996,13767.4
30/09/1996,13280.7
01/10/1996,13736.7
02/10/1996,14898.6
03/10/1996,15548.9
04/10/1996,15880.0
05/10/1996,16316.3
06/10/1996,17000.5
07/10/1996,17313.6
08/10/1996,17665.3
09/10/1996,17949.5
10/10/1996,18344.4
11/10/1996,18817.5
12/10/1996,19446.4
13/10/1996,20855.6
14/10/1996,22280.4
15/10/1996,23591.7
16/10/1996,24945.4
17/10/1996,26253.4
18/10/1996,27508.4
19/10/1996,28056.3
20/10/1996,28056.3
21/10/1996,27735.9
22/10/1996,27417.6
23/10/1996,27146.4
24/10/1996,26966.5
25/10/1996,27372.3
26/10/1996,27644.8
27/10/1996,27599.3
28/10/1996,27281.8
29/10/1996,26966.5
30/10/1996,26519.6
31/10/1996,26253.4
01/11/1996,26165.1
02/11/1996,26120.9
03/11/1996,26076.8
04/11/1996,25900.9
05/11/1996,25464.1
06/11/1996,25031.5
07/11/1996,24517.8
08/11/1996,24517.8
09/11/1996,24347.9
10/11/1996,24010.2
11/11/1996,23508.5
12/11/1996,23301.2
13/11/1996,23136.2
14/11/1996,22889.8
15/11/1996,22644.9
16/11/1996,22685.7
17/11/1996,22767.2
18/11/1996,22889.8
19/11/1996,23259.9
20/11/1996,23716.8
21/11/1996,24010.2
22/11/1996,23884.2
23/11/1996,23800.4
24/11/1996,23467.0
25/11/1996,23425.5
26/11/1996,23053.9
27/11/1996,22523.1
28/11/1996,21403.4
29/11/1996,20163.1
30/11/1996,19671.1
01/12/1996,19671.1
02/12/1996,19821.8
03/12/1996,19708.7
04/12/1996,19558.6
05/12/1996,19334.6
06/12/1996,18890.9
07/12/1996,18890.9
08/12/1996,18817.5
09/12/1996,18854.2
10/12/1996,18817.5
11/12/1996,19075.0
12/12/1996,18817.5
13/12/1996,18780.9
14/12/1996,18964.4
15/12/1996,19409.1
16/12/1996,19935.2
17/12/1996,20778.0
18/12/1996,21167.7
19/12/1996,21364.0
20/12/1996,21561.4
21/12/1996,22039.3
22/12/1996,22523.1
23/12/1996,23012.8
24/12/1996,23550.1
25/12/1996,24432.8
26/12/1996,25204.0
27/12/1996,26076.8
28/12/1996,26386.3
29/12/1996,26564.1
30/12/1996,26697.8
31/12/1996,27056.4
01/01/1997,27146.4
02/01/1997,27056.4
03/01/1997,26608.6
04/01/1997,25944.9
05/01/1997,25551.1
06/01/1997,25117.7
07/01/1997,24859.6
08/01/1997,24603.0
09/01/1997,24263.2
10/01/1997,23842.3
11/01/1997,23342.6
12/01/1997,22767.2
13/01/1997,22442.0
14/01/1997,22039.3
15/01/1997,21839.4
16/01/1997,22039.3
17/01/1997,22119.5
18/01/1997,22726.4
19/01/1997,23259.9
20/01/1997,23591.7
21/01/1997,24010.2
22/01/1997,24094.4
23/01/1997,24094.4
24/01/1997,24263.2
25/01/1997,24390.3
26/01/1997,24603.0
27/01/1997,24945.4
28/01/1997,25900.9
29/01/1997,26832.0
30/01/1997,27372.3
31/01/1997,28240.3
01/02/1997,28796.5
02/02/1997,29512.1
03/02/1997,30055.6
04/02/1997,31054.1
05/02/1997,31392.6
06/02/1997,32893.9
07/02/1997,33905.9
08/02/1997,35438.9
09/02/1997,36194.0
10/02/1997,36448.5
11/02/1997,36576.3
12/02/1997,36576.3
13/02/1997,36448.5
14/02/1997,36004.0
15/02/1997,35752.0
16/02/1997,35252.1
17/02/1997,34757.7
18/02/1997,34451.6
19/02/1997,34268.9
20/02/1997,34208.2
21/02/1997,33905.9
22/02/1997,33486.2
23/02/1997,33486.2
24/02/1997,33905.9
25/02/1997,33725.5
26/02/1997,33605.7
27/02/1997,33307.7
28/02/1997,32893.9
01/03/1997,32367.9
02/03/1997,31734.2
03/03/1997,30941.8
04/03/1997,30110.4
05/03/1997,29136.2
06/03/1997,28286.4
07/03/1997,27508.4
08/03/1997,26697.8
09/03/1997,25682.0
10/03/1997,24902.5
11/03/1997,24010.2
12/03/1997,23508.5
13/03/1997,22604.3
14/03/1997,22442.0
15/03/1997,22240.1
16/03/1997,22320.8
17/03/1997,22039.3
18/03/1997,21601.0
19/03/1997,21246.1
20/03/1997,20855.6
21/03/1997,20469.3
22/03/1997,20392.5
23/03/1997,20392.5
24/03/1997,20392.5
25/03/1997,20239.4
26/03/1997,20011.0
27/03/1997,19708.7
28/03/1997,19596.1
29/03/1997,19334.6
30/03/1997,19075.0
31/03/1997,18927.6
01/04/1997,18489.3
02/04/1997,18164.3
03/04/1997,17878.2
04/04/1997,17524.1
05/04/1997,17035.1
06/04/1997,16690.6
07/04/1997,16451.8
08/04/1997,16350.1
09/04/1997,16147.7
10/04/1997,15747.1
11/04/1997,15483.2
12/04/1997,15286.9
13/04/1997,15124.4
14/04/1997,15027.4
15/04/1997,14995.2
16/04/1997,15189.3
17/04/1997,15221.8
18/04/1997,15483.2
19/04/1997,15614.8
20/04/1997,15946.7
21/04/1997,16215.0
22/04/1997,16316.3
23/04/1997,16181.3
24/04/1997,16080.5
25/04/1997,15980.1
26/04/1997,15813.5
27/04/1997,15913.3
28/04/1997,15780.3
29/04/1997,15913.3
30/04/1997,15980.1
01/05/1997,15813.5
02/05/1997,15581.9
03/05/1997,15450.4
04/05/1997,15384.9
05/05/1997,15417.6
06/05/1997,15581.9
07/05/1997,15714.0
08/05/1997,15581.9
09/05/1997,15450.4
10/05/1997,15417.6
11/05/1997,15319.5
12/05/1997,15319.5
13/05/1997,15483.2
14/05/1997,15714.0
15/05/1997,15647.8
16/05/1997,15417.6
17/05/1997,15450.4
18/05/1997,15581.9
19/05/1997,15680.9
20/05/1997,15846.7
21/05/1997,15913.3
22/05/1997,16047.0
23/05/1997,15980.1
24/05/1997,15913.3
25/05/1997,16316.3
26/05/1997,17174.0
27/05/1997,18056.7
28/05/1997,18927.6
29/05/1997,18964.4
30/05/1997,19075.0
31/05/1997,18964.4
01/06/1997,18927.6
02/06/1997,18780.9
03/06/1997,18817.5
04/06/1997,18671.2
05/06/1997,18453.0
06/06/1997,18380.6
07/06/1997,18453.0
08/06/1997,18416.8
09/06/1997,18598.3
10/06/1997,19186.0
11/06/1997,19708.7
12/06/1997,19859.5
13/06/1997,20087.0
14/06/1997,20087.0
15/06/1997,20125.0
16/06/1997,20277.6
17/06/1997,20546.2
18/06/1997,20855.6
19/06/1997,21285.3
20/06/1997,21799.6
21/06/1997,22280.4
22/06/1997,22685.7
23/06/1997,23259.9
24/06/1997,24010.2
25/06/1997,24945.4
26/06/1997,25551.1
27/06/1997,25988.8
28/06/1997,26165.1
29/06/1997,26165.1
30/06/1997,26076.8
01/07/1997,25944.9
02/07/1997,25725.7
03/07/1997,25507.6
04/07/1997,25290.5
05/07/1997,25117.7
06/07/1997,24945.4
07/07/1997,24859.6
08/07/1997,24859.6
09/07/1997,24688.4
10/07/1997,24347.9
11/07/1997,24010.2
12/07/1997,23716.8
13/07/1997,23342.6
14/07/1997,22930.8
15/07/1997,22442.0
16/07/1997,21680.3
17/07/1997,21128.5
18/07/1997,20700.6
19/07/1997,20277.6
20/07/1997,20087.0
21/07/1997,20011.0
22/07/1997,20163.1
23/07/1997,20661.9
24/07/1997,21364.0
25/07/1997,21919.2
26/07/1997,22240.1
27/07/1997,22644.9
28/07/1997,22442.0
29/07/1997,22119.5
30/07/1997,21720.0
31/07/1997,21482.3
01/08/1997,21206.8
02/08/1997,21011.3
03/08/1997,20855.6
04/08/1997,20739.3
05/08/1997,20739.3
06/08/1997,21167.7
07/08/1997,22280.4
08/08/1997,23508.5
09/08/1997,24517.8
10/08/1997,25117.7
11/08/1997,25204.0
12/08/1997,25031.5
13/08/1997,24603.0
14/08/1997,24390.3
15/08/1997,23926.1
16/08/1997,23218.6
17/08/1997,22767.2
18/08/1997,21959.2
19/08/1997,21089.4
20/08/1997,20584.7
21/08/1997,20201.2
22/08/1997,19671.1
23/08/1997,19409.1
24/08/1997,19334.6
25/08/1997,19334.6
26/08/1997,19446.4
27/08/1997,19186.0
28/08/1997,18964.4
29/08/1997,18964.4
30/08/1997,19446.4
31/08/1997,19446.4
01/09/1997,19558.6
02/09/1997,19186.0
03/09/1997,18817.5
04/09/1997,18598.3
05/09/1997,18380.6
06/09/1997,18380.6
07/09/1997,18453.0
08/09/1997,18489.3
09/09/1997,18272.3
10/09/1997,19038.1
11/09/1997,19223.1
12/09/1997,19038.1
13/09/1997,18707.7
14/09/1997,18598.3
15/09/1997,18598.3
16/09/1997,18489.3
17/09/1997,18344.4
18/09/1997,18236.2
19/09/1997,18020.9
20/09/1997,17878.2
21/09/1997,17913.8
22/09/1997,17878.2
23/09/1997,17736.1
24/09/1997,17736.1
25/09/1997,17348.6
26/09/1997,17139.2
27/09/1997,17700.6
28/09/1997,18561.9
29/09/1997,19260.2
30/09/1997,19708.7
01/10/1997,20011.0
02/10/1997,20163.1
03/10/1997,20855.6
04/10/1997,21521.8
05/10/1997,22039.3
06/10/1997,23053.9
07/10/1997,23591.7
08/10/1997,23842.3
09/10/1997,23758.6
10/10/1997,23508.5
11/10/1997,23259.9
12/10/1997,23177.4
13/10/1997,23758.6
14/10/1997,24773.9
15/10/1997,26076.8
16/10/1997,27372.3
17/10/1997,28564.0
18/10/1997,29404.3
19/10/1997,29837.3
20/10/1997,29620.2
21/10/1997,29296.8
22/10/1997,28843.1
23/10/1997,28471.3
24/10/1997,28286.4
25/10/1997,27964.6
26/10/1997,27236.7
27/10/1997,26608.6
28/10/1997,25813.2
29/10/1997,25290.5
30/10/1997,24945.4
31/10/1997,24688.4
01/11/1997,24517.8
02/11/1997,24645.7
03/11/1997,24945.4
04/11/1997,25290.5
05/11/1997,25551.1
06/11/1997,25944.9
07/11/1997,26876.8
08/11/1997,27146.4
09/11/1997,27508.4
10/11/1997,27827.3
11/11/1997,28471.3
12/11/1997,28843.1
13/11/1997,29136.2
14/11/1997,29296.8
15/11/1997,29404.3
16/11/1997,29076.8
17/11/1997,29243.2
18/11/1997,29566.1
19/11/1997,29891.7
20/11/1997,29674.3
21/11/1997,29782.9
22/11/1997,29674.3
23/11/1997,29189.7
24/11/1997,28936.4
25/11/1997,28517.6
26/11/1997,28471.3
27/11/1997,28749.9
28/11/1997,28983.2
29/11/1997,29136.2
30/11/1997,29136.2
01/12/1997,29076.8
02/12/1997,29030.0
03/12/1997,28936.4
04/12/1997,28703.3
05/12/1997,28332.6
06/12/1997,27964.6
07/12/1997,27690.3
08/12/1997,27372.3
09/12/1997,27327.1
10/12/1997,27191.5
11/12/1997,27101.4
12/12/1997,27101.4
13/12/1997,27101.4
14/12/1997,27281.8
15/12/1997,27056.4
16/12/1997,27011.4
17/12/1997,26876.8
18/12/1997,26742.5
19/12/1997,26608.6
20/12/1997,26608.6
21/12/1997,26564.1
22/12/1997,26386.3
23/12/1997,26475.1
24/12/1997,26475.1
25/12/1997,26519.6
26/12/1997,26697.8
27/12/1997,26608.6
28/12/1997,26519.6
29/12/1997,26519.6
30/12/1997,26519.6
31/12/1997,26564.1
01/01/1998,26697.8
02/01/1998,26966.5
03/01/1998,27417.6
04/01/1998,27553.8
05/01/1998,27781.6
06/01/1998,27236.7
07/01/1998,27011.4
08/01/1998,26608.6
09/01/1998,26165.1
10/01/1998,26076.8
11/01/1998,25813.2
12/01/1998,25813.2
13/01/1998,25900.9
14/01/1998,25944.9
15/01/1998,26032.8
16/01/1998,25988.8
17/01/1998,25944.9
18/01/1998,25725.7
19/01/1998,25377.2
20/01/1998,24945.4
21/01/1998,24645.7
22/01/1998,24178.7
23/01/1998,23884.2
24/01/1998,23550.1
25/01/1998,23259.9
26/01/1998,22930.8
27/01/1998,22442.0
28/01/1998,22039.3
29/01/1998,21999.2
30/01/1998,21720.0
31/01/1998,21680.3
01/02/1998,22039.3
02/02/1998,21919.2
03/02/1998,21680.3
04/02/1998,22079.4
05/02/1998,22442.0
06/02/1998,23136.2
07/02/1998,23633.4
08/02/1998,24945.4
09/02/1998,25944.9
10/02/1998,27101.4
11/02/1998,27690.3
12/02/1998,28148.2
13/02/1998,28102.3
14/02/1998,28102.3
15/02/1998,28010.4
16/02/1998,27918.8
17/02/1998,27599.3
18/02/1998,27508.4
19/02/1998,27508.4
20/02/1998,27146.4
21/02/1998,26832.0
22/02/1998,26342.0
23/02/1998,25725.7
24/02/1998,24988.4
25/02/1998,24645.7
26/02/1998,24347.9
27/02/1998,24052.2
28/02/1998,23968.1
01/03/1998,24094.4
02/03/1998,24221.0
03/03/1998,24688.4
04/03/1998,25204.0
05/03/1998,25638.3
06/03/1998,26165.1
07/03/1998,26653.2
08/03/1998,27236.7
09/03/1998,27690.3
10/03/1998,28056.3
11/03/1998,28656.9
12/03/1998,28749.9
13/03/1998,28656.9
14/03/1998,28656.9
15/03/1998,28471.3
16/03/1998,28286.4
17/03/1998,28056.3
18/03/1998,28194.3
19/03/1998,28056.3
20/03/1998,28148.2
21/03/1998,28425.0
22/03/1998,28703.3
23/03/1998,29404.3
24/03/1998,29891.7
25/03/1998,30110.4
26/03/1998,30330.4
27/03/1998,30330.4
28/03/1998,30385.6
29/03/1998,30385.6
30/03/1998,30496.2
31/03/1998,30496.2
01/04/1998,30496.2
02/04/1998,30551.6
03/04/1998,30607.1
04/04/1998,30718.4
05/04/1998,30885.8
06/04/1998,31279.5
07/04/1998,32309.9
08/04/1998,33367.1
09/04/1998,34329.7
10/04/1998,34880.8
11/04/1998,35314.3
12/04/1998,35626.5
13/04/1998,35626.5
14/04/1998,35940.9
15/04/1998,36194.0
16/04/1998,36194.0
17/04/1998,36194.0
18/04/1998,36194.0
19/04/1998,36257.5
20/04/1998,36448.5
21/04/1998,36512.3
22/04/1998,36640.3
23/04/1998,37415.6
24/04/1998,38071.6
25/04/1998,38203.9
26/04/1998,38270.2
27/04/1998,38336.5
28/04/1998,38469.6
29/04/1998,38870.8
30/04/1998,39343.1
01/05/1998,40025.7
02/05/1998,40509.1
03/05/1998,41067.2
04/05/1998,41207.7
05/05/1998,41067.2
06/05/1998,40648.1
07/05/1998,40232.3
08/05/1998,39410.9
09/05/1998,38536.2
10/05/1998,37742.5
11/05/1998,36768.6
12/05/1998,35940.9
13/05/1998,35252.1
14/05/1998,34451.6
15/05/1998,33605.7
16/05/1998,33011.7
17/05/1998,32542.5
18/05/1998,32426.0
19/05/1998,32659.3
20/05/1998,33011.7
21/05/1998,33189.0
22/05/1998,33248.3
23/05/1998,33011.7
24/05/1998,32776.4
25/05/1998,32309.9
26/05/1998,31963.5
27/05/1998,31054.1
28/05/1998,30607.1
29/05/1998,30000.9
30/05/1998,29296.8
31/05/1998,28843.1
01/06/1998,28425.0
02/06/1998,27873.0
03/06/1998,27327.1
04/06/1998,26876.8
05/06/1998,26475.1
06/06/1998,26165.1
07/06/1998,25682.0
08/06/1998,25464.1
09/06/1998,25290.5
10/06/1998,24945.4
11/06/1998,24859.6
12/06/1998,24603.0
13/06/1998,24432.8
14/06/1998,24010.2
15/06/1998,23675.1
16/06/1998,23342.6
17/06/1998,23053.9
18/06/1998,22604.3
19/06/1998,22159.7
20/06/1998,21839.4
21/06/1998,21919.2
22/06/1998,21839.4
23/06/1998,21720.0
24/06/1998,21720.0
25/06/1998,21959.2
26/06/1998,22119.5
27/06/1998,22240.1
28/06/1998,22563.6
29/06/1998,22604.3
30/06/1998,22320.8
01/07/1998,22079.4
02/07/1998,21799.6
03/07/1998,21601.0
04/07/1998,21324.7
05/07/1998,21285.3
06/07/1998,21521.8
07/07/1998,21364.0
08/07/1998,20972.3
09/07/1998,20855.6
10/07/1998,20700.6
11/07/1998,20277.6
12/07/1998,19973.1
13/07/1998,19784.1
14/07/1998,19409.1
15/07/1998,19334.6
16/07/1998,19186.0
17/07/1998,19075.0
18/07/1998,19075.0
19/07/1998,18964.4
20/07/1998,18634.7
21/07/1998,18598.3
22/07/1998,18890.9
23/07/1998,19075.0
24/07/1998,19371.8
25/07/1998,19446.4
26/07/1998,19521.1
27/07/1998,19708.7
28/07/1998,19746.4
29/07/1998,19708.7
30/07/1998,19483.7
31/07/1998,19297.4
01/08/1998,19149.0
02/08/1998,19001.3
03/08/1998,19075.0
04/08/1998,19186.0
05/08/1998,19334.6
06/08/1998,19409.1
07/08/1998,19334.6
08/08/1998,19186.0
09/08/1998,19112.0
10/08/1998,19297.4
11/08/1998,19633.6
12/08/1998,19784.1
13/08/1998,19821.8
14/08/1998,19784.1
15/08/1998,19708.7
16/08/1998,19821.8
17/08/1998,20049.0
18/08/1998,20661.9
19/08/1998,21601.0
20/08/1998,22644.9
21/08/1998,23675.1
22/08/1998,24731.1
23/08/1998,25725.7
24/08/1998,26608.6
25/08/1998,27327.1
26/08/1998,28148.2
27/08/1998,28889.7
28/08/1998,29243.2
29/08/1998,29404.3
30/08/1998,29404.3
31/08/1998,28936.4
01/09/1998,28471.3
02/09/1998,27644.8
03/09/1998,27056.4
04/09/1998,26253.4
05/09/1998,25638.3
06/09/1998,24859.6
07/09/1998,24178.7
08/09/1998,23926.1
09/09/1998,23800.4
10/09/1998,23926.1
11/09/1998,24347.9
12/09/1998,24945.4
13/09/1998,25594.7
14/09/1998,26253.4
15/09/1998,26742.5
16/09/1998,27417.6
17/09/1998,27644.8
18/09/1998,28056.3
19/09/1998,28056.3
20/09/1998,27599.3
21/09/1998,27417.6
22/09/1998,27508.4
23/09/1998,27553.8
24/09/1998,27873.0
25/09/1998,28194.3
26/09/1998,28471.3
27/09/1998,28564.0
28/09/1998,28564.0
29/09/1998,28102.3
30/09/1998,27873.0
01/10/1998,27781.6
02/10/1998,27918.8
03/10/1998,28286.4
04/10/1998,28656.9
05/10/1998,29076.8
06/10/1998,29620.2
07/10/1998,30220.2
08/10/1998,30885.8
09/10/1998,31392.6
10/10/1998,31848.7
11/10/1998,32309.9
12/10/1998,32367.9
13/10/1998,32367.9
14/10/1998,32542.5
15/10/1998,32835.1
16/10/1998,33248.3
17/10/1998,33605.7
18/10/1998,33905.9
19/10/1998,33905.9
20/10/1998,33785.6
21/10/1998,33725.5
22/10/1998,33605.7
23/10/1998,33367.1
24/10/1998,33011.7
25/10/1998,32309.9
26/10/1998,31563.0
27/10/1998,30997.9
28/10/1998,30165.3
29/10/1998,29782.9
30/10/1998,29512.1
31/10/1998,29620.2
01/11/1998,29620.2
02/11/1998,29512.1
03/11/1998,29243.2
04/11/1998,28796.5
05/11/1998,28056.3
06/11/1998,27372.3
07/11/1998,26876.8
08/11/1998,26386.3
09/11/1998,25725.7
10/11/1998,24688.4
11/11/1998,23508.5
12/11/1998,22442.0
13/11/1998,21442.8
14/11/1998,20546.2
15/11/1998,19897.3
16/11/1998,18964.4
17/11/1998,18489.3
18/11/1998,18236.2
19/11/1998,18308.3
20/11/1998,17949.5
21/11/1998,17878.2
22/11/1998,18092.5
23/11/1998,18308.3
24/11/1998,18525.6
25/11/1998,18964.4
26/11/1998,18964.4
27/11/1998,18854.2
28/11/1998,18964.4
29/11/1998,19075.0
30/11/1998,18854.2
01/12/1998,18236.2
02/12/1998,17807.0
03/12/1998,18020.9
04/12/1998,18020.9
05/12/1998,17313.6
06/12/1998,16215.0
07/12/1998,15417.6
08/12/1998,15156.9
09/12/1998,15946.7
10/12/1998,16827.9
11/12/1998,17000.5
12/12/1998,16690.6
13/12/1998,16519.9
14/12/1998,16519.9
15/12/1998,16417.9
16/12/1998,16417.9
17/12/1998,16827.9
18/12/1998,16316.3
19/12/1998,16931.4
20/12/1998,17104.5
21/12/1998,17069.8
22/12/1998,17174.0
23/12/1998,17453.8
24/12/1998,17878.2
25/12/1998,18020.9
26/12/1998,18056.7
27/12/1998,17594.6
28/12/1998,16827.9
29/12/1998,16553.9
30/12/1998,16485.8
31/12/1998,16588.0
01/01/1999,17174.0
02/01/1999,17665.3
03/01/1999,17594.6
04/01/1999,17104.5
05/01/1999,16896.8
06/01/1999,17104.5
07/01/1999,17842.6
08/01/1999,18272.3
09/01/1999,18344.4
10/01/1999,18671.2
11/01/1999,18416.8
12/01/1999,18200.2
13/01/1999,18236.2
14/01/1999,18525.6
15/01/1999,18890.9
16/01/1999,19223.1
17/01/1999,19558.6
18/01/1999,20011.0
19/01/1999,20584.7
20/01/1999,21285.3
21/01/1999,21799.6
22/01/1999,22320.8
23/01/1999,22726.4
24/01/1999,23259.9
25/01/1999,23716.8
26/01/1999,24178.7
27/01/1999,24305.6
28/01/1999,24517.8
29/01/1999,24603.0
30/01/1999,23968.1
31/01/1999,23675.1
01/02/1999,23384.0
02/02/1999,23342.6
03/02/1999,23467.0
04/02/1999,23508.5
05/02/1999,23675.1
06/02/1999,23675.1
07/02/1999,23259.9
08/02/1999,23095.0
09/02/1999,22971.8
10/02/1999,23095.0
11/02/1999,23177.4
12/02/1999,23301.2
13/02/1999,23095.0
14/02/1999,23136.2
15/02/1999,23301.2
16/02/1999,23425.5
17/02/1999,24263.2
18/02/1999,24432.8
19/02/1999,24645.7
20/02/1999,24731.1
21/02/1999,24731.1
22/02/1999,24517.8
23/02/1999,24094.4
24/02/1999,23758.6
25/02/1999,23384.0
26/02/1999,22930.8
27/02/1999,22644.9
28/02/1999,22361.1
01/03/1999,22523.1
02/03/1999,22523.1
03/03/1999,22442.0
04/03/1999,22361.1
05/03/1999,22280.4
06/03/1999,22280.4
07/03/1999,22159.7
08/03/1999,21919.2
09/03/1999,21561.4
10/03/1999,21403.4
11/03/1999,21324.7
12/03/1999,21403.4
13/03/1999,21285.3
14/03/1999,20855.6
15/03/1999,20392.5
16/03/1999,20087.0
17/03/1999,20163.1
18/03/1999,20507.7
19/03/1999,20546.2
20/03/1999,20700.6
21/03/1999,21206.8
22/03/1999,21482.3
23/03/1999,21482.3
24/03/1999,21246.1
25/03/1999,21206.8
26/03/1999,20972.3
27/03/1999,20778.0
28/03/1999,20469.3
29/03/1999,20277.6
30/03/1999,20125.0
31/03/1999,20011.0
01/04/1999,20011.0
02/04/1999,20239.4
03/04/1999,20623.3
04/04/1999,20778.0
05/04/1999,20855.6
06/04/1999,20972.3
07/04/1999,20933.4
08/04/1999,20661.9
09/04/1999,20469.3
10/04/1999,20315.9
11/04/1999,20277.6
12/04/1999,20201.2
13/04/1999,20315.9
14/04/1999,20163.1
15/04/1999,20163.1
16/04/1999,20392.5
17/04/1999,20392.5
18/04/1999,20392.5
19/04/1999,20469.3
20/04/1999,20972.3
21/04/1999,21839.4
22/04/1999,22644.9
23/04/1999,22930.8
24/04/1999,22848.9
25/04/1999,22604.3
26/04/1999,21959.2
27/04/1999,21364.0
28/04/1999,20894.5
29/04/1999,20469.3
30/04/1999,20049.0
01/05/1999,19483.7
02/05/1999,19260.2
03/05/1999,19260.2
04/05/1999,18200.2
05/05/1999,18200.2
06/05/1999,18964.4
07/05/1999,19409.1
08/05/1999,19558.6
09/05/1999,19596.1
10/05/1999,19112.0
11/05/1999,18598.3
12/05/1999,18707.7
13/05/1999,19186.0
14/05/1999,19973.1
15/05/1999,20354.1
16/05/1999,20584.7
17/05/1999,20507.7
18/05/1999,20087.0
19/05/1999,19973.1
20/05/1999,19821.8
21/05/1999,19558.6
22/05/1999,19149.0
23/05/1999,18964.4
24/05/1999,17913.8
25/05/1999,17104.5
26/05/1999,17139.2
27/05/1999,17348.6
28/05/1999,17348.6
29/05/1999,17878.2
30/05/1999,18380.6
31/05/1999,18561.9
01/06/1999,18525.6
02/06/1999,18308.3
03/06/1999,18416.8
04/06/1999,18561.9
05/06/1999,18854.2
06/06/1999,18416.8
07/06/1999,17771.5
08/06/1999,17035.1
09/06/1999,16827.9
10/06/1999,17000.5
11/06/1999,17383.6
12/06/1999,17665.3
13/06/1999,18272.3
14/06/1999,18671.2
15/06/1999,18380.6
16/06/1999,17559.3
17/06/1999,17878.2
18/06/1999,18598.3
19/06/1999,18964.4
20/06/1999,19186.0
21/06/1999,19334.6
22/06/1999,19633.6
23/06/1999,20855.6
24/06/1999,21839.4
25/06/1999,22442.0
26/06/1999,22604.3
27/06/1999,22685.7
28/06/1999,22726.4
29/06/1999,23012.8
30/06/1999,23259.9
01/07/1999,23259.9
02/07/1999,22848.9
03/07/1999,22401.6
04/07/1999,22039.3
05/07/1999,21640.6
06/07/1999,21601.0
07/07/1999,21680.3
08/07/1999,21959.2
09/07/1999,22930.8
10/07/1999,23301.2
11/07/1999,23800.4
12/07/1999,24094.4
13/07/1999,24432.8
14/07/1999,24731.1
15/07/1999,25031.5
16/07/1999,24773.9
17/07/1999,24432.8
18/07/1999,24094.4
19/07/1999,23259.9
20/07/1999,22767.2
21/07/1999,21720.0
22/07/1999,21324.7
23/07/1999,20855.6
24/07/1999,20546.2
25/07/1999,20430.8
26/07/1999,20277.6
27/07/1999,20049.0
28/07/1999,19821.8
29/07/1999,19334.6
30/07/1999,19297.4
31/07/1999,19521.1
01/08/1999,19260.2
02/08/1999,18890.9
03/08/1999,17878.2
04/08/1999,17524.1
05/08/1999,17174.0
06/08/1999,17243.7
07/08/1999,17000.5
08/08/1999,17278.6
09/08/1999,17559.3
10/08/1999,17348.6
11/08/1999,16965.9
12/08/1999,16827.9
13/08/1999,16724.9
14/08/1999,17000.5
15/08/1999,17069.8
16/08/1999,17035.1
17/08/1999,16724.9
18/08/1999,16215.0
19/08/1999,16147.7
20/08/1999,16384.0
21/08/1999,16451.8
22/08/1999,16047.0
23/08/1999,15747.1
24/08/1999,14802.4
25/08/1999,14452.7
26/08/1999,14579.3
27/08/1999,15156.9
28/08/1999,15880.0
29/08/1999,16181.3
30/08/1999,15813.5
31/08/1999,14515.9
01/09/1999,14138.8
02/09/1999,14515.9
03/09/1999,15092.1
04/09/1999,15417.6
05/09/1999,15913.3
06/09/1999,15614.8
07/09/1999,14770.4
08/09/1999,14770.4
09/09/1999,15254.3
10/09/1999,15483.2
11/09/1999,15581.9
12/09/1999,15286.9
13/09/1999,14515.9
14/09/1999,13401.5
15/09/1999,12863.0
16/09/1999,13736.7
17/09/1999,14834.4
18/09/1999,15319.5
19/09/1999,15714.0
20/09/1999,16013.5
21/09/1999,16282.5
22/09/1999,16417.9
23/09/1999,16417.9
24/09/1999,16384.0
25/09/1999,16282.5
26/09/1999,15980.1
27/09/1999,15548.9
28/09/1999,14642.9
29/09/1999,14170.1
30/09/1999,14076.5
01/10/1999,13983.4
02/10/1999,13921.5
03/10/1999,13583.7
04/10/1999,12394.8
05/10/1999,12569.2
06/10/1999,12452.8
07/10/1999,12337.0
08/10/1999,13220.6
09/10/1999,14076.5
10/10/1999,14452.7
11/10/1999,14358.1
12/10/1999,13767.4
13/10/1999,12981.6
14/10/1999,12657.0
15/10/1999,13100.8
16/10/1999,13767.4
17/10/1999,14326.7
18/10/1999,14201.3
19/10/1999,13220.6
20/10/1999,13011.3
21/10/1999,13767.4
22/10/1999,14611.1
23/10/1999,15059.7
24/10/1999,15156.9
25/10/1999,14515.9
26/10/1999,13522.8
27/10/1999,13041.1
28/10/1999,13100.8
29/10/1999,13462.0
30/10/1999,13890.6
31/10/1999,13859.7
01/11/1999,13798.1
02/11/1999,12686.3
03/11/1999,11823.3
04/11/1999,12394.8
05/11/1999,12745.0
06/11/1999,13310.8
07/11/1999,13644.8
08/11/1999,13706.0
09/11/1999,12981.6
10/11/1999,12569.2
11/11/1999,12452.8
12/11/1999,13462.0
13/11/1999,13983.4
14/11/1999,14201.3
15/11/1999,13583.7
16/11/1999,12452.8
17/11/1999,12164.4
18/11/1999,12981.6
19/11/1999,13522.8
20/11/1999,13828.9
21/11/1999,14014.4
22/11/1999,13583.7
23/11/1999,12627.7
24/11/1999,12250.5
25/11/1999,12308.1
26/11/1999,12394.8
27/11/1999,12394.8
28/11/1999,12394.8
29/11/1999,12221.8
30/11/1999,11654.8
01/12/1999,11460.0
02/12/1999,12394.8
03/12/1999,13250.6
04/12/1999,13614.2
05/12/1999,13736.7
06/12/1999,12981.6
07/12/1999,12627.7
08/12/1999,12394.8
09/12/1999,12981.6
10/12/1999,13011.3
11/12/1999,13522.8
12/12/1999,13522.8
13/12/1999,12981.6
14/12/1999,12922.2
15/12/1999,13220.6
16/12/1999,14076.5
17/12/1999,14515.9
18/12/1999,14834.4
19/12/1999,15027.4
20/12/1999,15156.9
21/12/1999,15092.1
22/12/1999,14962.9
23/12/1999,14834.4
24/12/1999,15027.4
25/12/1999,15156.9
26/12/1999,15124.4
27/12/1999,14201.3
28/12/1999,13070.9
29/12/1999,12394.8
30/12/1999,12221.8
01/01/2000,12540.1
02/01/2000,12686.3
03/01/2000,12221.8
04/01/2000,11767.0
05/01/2000,11377.0
06/01/2000,11682.8
07/01/2000,12774.5
08/01/2000,13644.8
09/01/2000,13952.4
10/01/2000,13492.4
11/01/2000,12569.2
12/01/2000,11767.0
13/01/2000,11879.8
14/01/2000,12107.1
15/01/2000,12365.9
16/01/2000,13011.3
17/01/2000,13583.7
18/01/2000,13706.0
19/01/2000,13522.8
20/01/2000,13553.2
21/01/2000,13675.4
22/01/2000,13736.7
23/01/2000,13614.2
24/01/2000,13310.8
25/01/2000,13280.7
26/01/2000,12833.4
27/01/2000,12863.0
28/01/2000,12981.6
29/01/2000,13522.8
30/01/2000,13890.6
31/01/2000,13767.4
01/02/2000,13462.0
02/02/2000,12981.6
03/02/2000,12981.6
04/02/2000,13310.8
05/02/2000,14263.9
06/02/2000,14834.4
07/02/2000,14834.4
08/02/2000,14611.1
09/02/2000,14389.6
10/02/2000,14770.4
11/02/2000,15156.9
12/02/2000,15319.5
13/02/2000,15286.9
14/02/2000,15156.9
15/02/2000,14326.7
16/02/2000,13130.7
17/02/2000,12981.6
18/02/2000,13462.0
19/02/2000,13952.4
20/02/2000,14232.6
21/02/2000,14326.7
22/02/2000,13583.7
23/02/2000,13041.1
24/02/2000,12981.6
25/02/2000,13644.8
26/02/2000,14579.3
27/02/2000,15156.9
28/02/2000,15027.4
29/02/2000,14706.6
01/03/2000,14358.1
02/03/2000,14834.4
03/03/2000,15846.7
04/03/2000,16588.0
05/03/2000,16724.9
06/03/2000,16519.9
07/03/2000,15980.1
08/03/2000,15450.4
09/03/2000,14995.2
10/03/2000,15714.0
11/03/2000,16350.1
12/03/2000,16588.0
13/03/2000,16147.7
14/03/2000,15581.9
15/03/2000,14834.4
16/03/2000,15156.9
17/03/2000,15846.7
18/03/2000,16248.7
19/03/2000,16485.8
20/03/2000,16350.1
21/03/2000,15614.8
22/03/2000,15156.9
23/03/2000,15156.9
24/03/2000,15680.9
25/03/2000,16181.3
26/03/2000,16181.3
27/03/2000,16181.3
28/03/2000,15614.8
29/03/2000,14962.9
30/03/2000,15156.9
31/03/2000,15647.8
01/04/2000,16485.8
02/04/2000,16622.2
03/04/2000,16553.9
04/04/2000,16485.8
05/04/2000,16553.9
06/04/2000,16827.9
07/04/2000,16759.2
08/04/2000,16759.2
09/04/2000,17035.1
10/04/2000,17174.0
11/04/2000,16827.9
12/04/2000,16451.8
13/04/2000,16215.0
14/04/2000,16553.9
15/04/2000,16553.9
16/04/2000,16485.8
17/04/2000,16215.0
18/04/2000,15714.0
19/04/2000,15059.7
20/04/2000,14995.2
21/04/2000,15747.1
22/04/2000,16215.0
23/04/2000,16080.5
24/04/2000,15483.2
25/04/2000,14770.4
26/04/2000,14547.6
27/04/2000,14962.9
28/04/2000,15156.9
29/04/2000,15483.2
30/04/2000,15614.8
01/05/2000,15352.2
02/05/2000,14930.7
03/05/2000,14452.7
04/05/2000,14201.3
05/05/2000,14706.6
06/05/2000,17139.2
07/05/2000,16862.4
08/05/2000,17243.7
09/05/2000,17453.8
10/05/2000,17524.1
11/05/2000,17700.6
12/05/2000,17594.6
13/05/2000,17665.3
14/05/2000,17700.6
15/05/2000,17453.8
16/05/2000,17104.5
17/05/2000,16827.9
18/05/2000,16827.9
19/05/2000,17104.5
20/05/2000,17035.1
21/05/2000,17035.1
22/05/2000,16485.8
23/05/2000,15946.7
24/05/2000,15483.2
25/05/2000,15946.7
26/05/2000,16485.8
27/05/2000,16656.4
28/05/2000,16485.8
29/05/2000,16384.0
30/05/2000,15647.8
31/05/2000,15221.8
01/06/2000,15254.3
02/06/2000,15450.4
03/06/2000,15846.7
04/06/2000,15913.3
05/06/2000,15483.2
06/06/2000,14962.9
07/06/2000,14770.4
08/06/2000,15189.3
09/06/2000,16350.1
10/06/2000,16827.9
11/06/2000,17488.9
12/06/2000,17913.8
13/06/2000,18092.5
14/06/2000,18056.7
15/06/2000,18092.5
16/06/2000,18092.5
17/06/2000,18272.3
18/06/2000,18020.9
19/06/2000,17665.3
20/06/2000,16896.8
21/06/2000,16080.5
22/06/2000,16047.0
23/06/2000,16896.8
24/06/2000,17524.1
25/06/2000,17736.1
26/06/2000,17594.6
27/06/2000,17000.5
28/06/2000,16485.8
29/06/2000,16519.9
30/06/2000,16896.8
01/07/2000,17035.1
02/07/2000,17104.5
03/07/2000,16759.2
04/07/2000,16316.3
05/07/2000,16114.1
06/07/2000,16622.2
07/07/2000,17243.7
08/07/2000,17559.3
09/07/2000,17736.1
10/07/2000,17949.5
11/07/2000,18092.5
12/07/2000,18092.5
13/07/2000,18164.3
14/07/2000,18236.2
15/07/2000,18164.3
16/07/2000,18164.3
17/07/2000,18164.3
18/07/2000,18164.3
19/07/2000,18092.5
20/07/2000,17985.2
21/07/2000,17985.2
22/07/2000,17842.6
23/07/2000,17383.6
24/07/2000,16485.8
25/07/2000,15946.7
26/07/2000,15124.4
27/07/2000,14962.9
28/07/2000,15319.5
29/07/2000,15880.0
30/07/2000,16147.7
31/07/2000,15946.7
01/08/2000,15483.2
02/08/2000,14898.6
03/08/2000,15156.9
04/08/2000,15417.6
05/08/2000,15980.1
06/08/2000,16451.8
07/08/2000,16350.1
08/08/2000,15647.8
09/08/2000,14898.6
10/08/2000,14834.4
11/08/2000,15059.7
12/08/2000,15483.2
13/08/2000,15813.5
14/08/2000,15747.1
15/08/2000,15059.7
16/08/2000,14674.7
17/08/2000,14515.9
18/08/2000,14770.4
19/08/2000,14898.6
20/08/2000,15156.9
21/08/2000,14930.7
22/08/2000,14452.7
23/08/2000,14358.1
24/08/2000,14201.3
25/08/2000,14674.7
26/08/2000,15156.9
27/08/2000,15516.0
28/08/2000,14962.9
29/08/2000,14295.3
30/08/2000,14138.8
31/08/2000,14834.4
01/09/2000,15813.5
02/09/2000,16047.0
03/09/2000,16248.7
04/09/2000,15548.9
05/09/2000,14995.2
06/09/2000,15189.3
07/09/2000,16047.0
08/09/2000,16690.6
09/09/2000,17069.8
10/09/2000,17208.9
11/09/2000,17243.7
12/09/2000,17453.8
13/09/2000,17418.7
14/09/2000,17524.1
15/09/2000,17488.9
16/09/2000,17594.6
17/09/2000,18056.7
18/09/2000,19075.0
19/09/2000,20087.0
20/09/2000,21050.3
21/09/2000,21720.0
22/09/2000,22401.6
23/09/2000,22848.9
24/09/2000,22848.9
25/09/2000,22563.6
26/09/2000,22240.1
27/09/2000,21959.2
28/09/2000,21799.6
29/09/2000,21601.0
30/09/2000,21680.3
01/10/2000,21601.0
02/10/2000,21521.8
03/10/2000,21521.8
04/10/2000,21089.4
05/10/2000,19897.3
06/10/2000,18525.6
07/10/2000,17949.5
08/10/2000,18380.6
09/10/2000,18308.3
10/10/2000,18964.4
11/10/2000,18380.6
12/10/2000,17985.2
13/10/2000,17629.9
14/10/2000,17700.6
15/10/2000,18092.5
16/10/2000,18964.4
17/10/2000,19708.7
18/10/2000,20700.6
19/10/2000,21561.4
20/10/2000,22482.5
21/10/2000,23342.6
22/10/2000,24010.2
23/10/2000,24517.8
24/10/2000,24902.5
25/10/2000,24902.5
26/10/2000,24517.8
27/10/2000,24010.2
28/10/2000,23467.0
29/10/2000,23053.9
30/10/2000,22685.7
31/10/2000,22320.8
01/11/2000,22079.4
02/11/2000,21879.3
03/11/2000,21521.8
04/11/2000,21167.7
05/11/2000,21050.3
06/11/2000,20661.9
07/11/2000,20315.9
08/11/2000,20011.0
09/11/2000,19446.4
10/11/2000,18964.4
11/11/2000,19001.3
12/11/2000,18598.3
13/11/2000,18964.4
14/11/2000,19075.0
15/11/2000,19223.1
16/11/2000,19001.3
17/11/2000,18964.4
18/11/2000,18854.2
19/11/2000,18634.7
20/11/2000,18236.2
21/11/2000,17878.2
22/11/2000,17807.0
23/11/2000,17949.5
24/11/2000,18164.3
25/11/2000,18308.3
26/11/2000,17878.2
27/11/2000,17174.0
28/11/2000,16553.9
29/11/2000,16485.8
30/11/2000,16656.4
01/12/2000,16793.6
02/12/2000,16656.4
03/12/2000,16896.8
04/12/2000,16827.9
05/12/2000,16215.0
06/12/2000,15813.5
07/12/2000,15680.9
08/12/2000,16147.7
09/12/2000,16656.4
10/12/2000,16553.9
11/12/2000,16047.0
12/12/2000,15647.8
13/12/2000,15221.8
14/12/2000,15946.7
15/12/2000,16519.9
16/12/2000,17000.5
17/12/2000,17278.6
18/12/2000,17174.0
19/12/2000,16656.4
20/12/2000,16147.7
21/12/2000,16147.7
22/12/2000,16417.9
23/12/2000,16451.8
24/12/2000,17174.0
25/12/2000,17035.1
26/12/2000,16248.7
27/12/2000,15614.8
28/12/2000,15483.2
29/12/2000,16350.1
30/12/2000,16759.2
31/12/2000,17208.9
01/01/2001,17348.6
02/01/2001,16965.9
03/01/2001,16622.2
04/01/2001,16485.8
05/01/2001,16553.9
06/01/2001,16588.0
07/01/2001,16485.8
08/01/2001,16080.5
09/01/2001,15124.4
10/01/2001,14674.7
11/01/2001,15027.4
12/01/2001,15946.7
13/01/2001,16147.7
14/01/2001,16215.0
15/01/2001,16047.0
16/01/2001,16080.5
17/01/2001,16724.9
18/01/2001,17453.8
19/01/2001,17878.2
20/01/2001,18128.4
21/01/2001,18964.4
22/01/2001,19334.6
23/01/2001,19708.7
24/01/2001,19821.8
25/01/2001,19859.5
26/01/2001,19633.6
27/01/2001,19483.7
28/01/2001,19371.8
29/01/2001,19112.0
30/01/2001,18964.4
31/01/2001,18453.0
01/02/2001,18308.3
02/02/2001,18890.9
03/02/2001,19038.1
04/02/2001,19409.1
05/02/2001,20125.0
06/02/2001,20933.4
07/02/2001,21720.0
08/02/2001,21919.2
09/02/2001,21999.2
10/02/2001,22280.4
11/02/2001,22726.4
12/02/2001,22767.2
13/02/2001,22563.6
14/02/2001,22401.6
15/02/2001,22280.4
16/02/2001,22079.4
17/02/2001,21799.6
18/02/2001,21561.4
19/02/2001,21521.8
20/02/2001,21720.0
21/02/2001,22039.3
22/02/2001,22563.6
23/02/2001,23259.9
24/02/2001,23884.2
25/02/2001,24731.1
26/02/2001,25682.0
27/02/2001,26342.0
28/02/2001,26966.5
01/03/2001,27327.1
02/03/2001,27644.8
03/03/2001,27735.9
04/03/2001,27508.4
05/03/2001,27011.4
06/03/2001,26430.7
07/03/2001,25551.1
08/03/2001,24390.3
09/03/2001,23301.2
10/03/2001,22442.0
11/03/2001,21799.6
12/03/2001,21246.1
13/03/2001,20894.5
14/03/2001,20623.3
15/03/2001,20469.3
16/03/2001,20392.5
17/03/2001,20469.3
18/03/2001,19973.1
19/03/2001,19409.1
20/03/2001,18671.2
21/03/2001,18092.5
22/03/2001,18380.6
23/03/2001,18634.7
24/03/2001,19223.1
25/03/2001,19297.4
26/03/2001,18744.3
27/03/2001,18128.4
28/03/2001,18236.2
29/03/2001,18525.6
30/03/2001,19038.1
31/03/2001,19186.0
01/04/2001,19186.0
02/04/2001,18598.3
03/04/2001,17559.3
04/04/2001,16931.4
05/04/2001,17313.6
06/04/2001,18056.7
07/04/2001,18416.8
08/04/2001,18598.3
09/04/2001,18236.2
10/04/2001,17348.6
11/04/2001,17736.1
12/04/2001,18453.0
13/04/2001,18780.9
14/04/2001,18561.9
15/04/2001,18164.3
16/04/2001,17771.5
17/04/2001,17383.6
18/04/2001,17736.1
19/04/2001,18128.4
20/04/2001,18344.4
21/04/2001,18380.6
22/04/2001,18020.9
23/04/2001,17629.9
24/04/2001,16827.9
25/04/2001,16248.7
26/04/2001,16519.9
27/04/2001,17278.6
28/04/2001,17807.0
29/04/2001,17985.2
30/04/2001,17913.8
01/05/2001,17594.6
02/05/2001,18020.9
03/05/2001,18380.6
04/05/2001,18707.7
05/05/2001,18308.3
06/05/2001,18020.9
07/05/2001,17559.3
08/05/2001,16759.2
09/05/2001,16350.1
10/05/2001,16690.6
11/05/2001,17000.5
12/05/2001,17035.1
13/05/2001,16622.2
14/05/2001,16622.2
15/05/2001,15880.0
16/05/2001,15352.2
17/05/2001,16080.5
18/05/2001,16080.5
19/05/2001,15614.8
20/05/2001,15450.4
21/05/2001,15450.4
22/05/2001,15092.1
23/05/2001,14834.4
24/05/2001,15092.1
25/05/2001,15680.9
26/05/2001,15614.8
27/05/2001,14962.9
28/05/2001,14579.3
29/05/2001,13952.4
30/05/2001,13983.4
31/05/2001,14547.6
01/06/2001,15581.9
02/06/2001,16690.6
03/06/2001,17139.2
04/06/2001,16724.9
05/06/2001,15813.5
06/06/2001,15319.5
07/06/2001,15254.3
08/06/2001,15156.9
09/06/2001,15124.4
10/06/2001,15483.2
11/06/2001,14898.6
12/06/2001,14421.1
13/06/2001,13890.6
14/06/2001,14674.7
15/06/2001,15124.4
16/06/2001,15286.9
17/06/2001,15156.9
18/06/2001,14014.4
19/06/2001,13492.4
20/06/2001,13041.1
21/06/2001,13011.3
22/06/2001,13553.2
23/06/2001,13736.7
24/06/2001,13736.7
25/06/2001,13492.4
26/06/2001,12569.2
27/06/2001,12627.7
28/06/2001,12803.9
29/06/2001,13041.1
30/06/2001,13492.4
01/07/2001,13921.5
02/07/2001,13644.8
03/07/2001,13070.9
04/07/2001,12863.0
05/07/2001,13041.1
06/07/2001,13553.2
07/07/2001,14138.8
08/07/2001,14674.7
09/07/2001,14201.3
10/07/2001,13767.4
11/07/2001,13041.1
12/07/2001,13160.6
13/07/2001,13522.8
14/07/2001,13614.2
15/07/2001,13890.6
16/07/2001,13675.4
17/07/2001,13190.6
18/07/2001,12803.9
19/07/2001,12951.9
20/07/2001,13280.7
21/07/2001,13859.7
22/07/2001,13952.4
23/07/2001,13614.2
24/07/2001,12981.6
25/07/2001,12774.5
26/07/2001,12922.2
27/07/2001,13280.7
28/07/2001,13644.8
29/07/2001,13828.9
30/07/2001,13310.8
31/07/2001,12250.5
01/08/2001,12250.5
02/08/2001,12981.6
03/08/2001,13583.7
04/08/2001,14045.4
05/08/2001,14014.4
06/08/2001,13401.5
07/08/2001,12774.5
08/08/2001,12279.3
09/08/2001,12481.8
10/08/2001,12627.7
11/08/2001,12922.2
12/08/2001,13220.6
13/08/2001,12598.4
14/08/2001,11823.3
15/08/2001,11377.0
16/08/2001,11267.0
17/08/2001,11212.2
18/08/2001,11294.4
19/08/2001,11432.3
20/08/2001,11267.0
21/08/2001,11184.8
22/08/2001,11021.6
23/08/2001,10940.4
24/08/2001,11321.9
25/08/2001,11487.7
26/08/2001,11432.3
27/08/2001,11130.3
28/08/2001,10940.4
29/08/2001,10752.4
30/08/2001,10725.7
31/08/2001,10725.7
01/09/2001,10806.0
02/09/2001,10940.4
03/09/2001,10940.4
04/09/2001,10859.6
05/09/2001,10752.4
06/09/2001,10725.7
07/09/2001,10994.5
08/09/2001,11543.2
09/09/2001,11879.8
10/09/2001,11993.2
11/09/2001,11487.7
12/09/2001,11157.5
13/09/2001,10994.5
14/09/2001,10994.5
15/09/2001,11321.9
16/09/2001,11823.3
17/09/2001,11767.0
18/09/2001,11267.0
19/09/2001,10859.6
20/09/2001,10886.5
21/09/2001,10832.8
22/09/2001,10832.8
23/09/2001,10967.4
24/09/2001,10913.5
25/09/2001,10832.8
26/09/2001,10832.8
27/09/2001,10994.5
28/09/2001,11432.3
29/09/2001,12164.4
30/09/2001,12452.8
01/10/2001,12481.8
02/10/2001,12107.1
03/10/2001,12193.0
04/10/2001,13431.7
05/10/2001,14802.4
06/10/2001,15714.0
07/10/2001,16080.5
08/10/2001,16588.0
09/10/2001,16215.0
10/10/2001,15417.6
11/10/2001,15254.3
12/10/2001,16588.0
13/10/2001,17736.1
14/10/2001,18380.6
15/10/2001,18236.2
16/10/2001,17878.2
17/10/2001,17313.6
18/10/2001,16759.2
19/10/2001,16316.3
20/10/2001,15913.3
21/10/2001,15417.6
22/10/2001,14834.4
23/10/2001,13890.6
24/10/2001,13280.7
25/10/2001,13041.1
26/10/2001,13614.2
27/10/2001,14358.1
28/10/2001,14962.9
29/10/2001,14738.5
30/10/2001,14484.3
31/10/2001,13736.7
01/11/2001,13130.7
02/11/2001,13583.7
03/11/2001,13675.4
04/11/2001,13431.7
05/11/2001,12686.3
06/11/2001,12050.1
07/11/2001,11626.9
08/11/2001,11908.1
09/11/2001,12337.0
10/11/2001,12686.3
11/11/2001,12892.6
12/11/2001,12715.6
13/11/2001,12078.6
14/11/2001,11879.8
15/11/2001,12423.8
16/11/2001,12686.3
17/11/2001,12981.6
18/11/2001,13160.6
19/11/2001,13041.1
20/11/2001,12540.1
21/11/2001,12337.0
22/11/2001,12598.4
23/11/2001,12657.0
24/11/2001,12833.4
25/11/2001,13462.0
26/11/2001,13583.7
27/11/2001,13220.6
28/11/2001,13675.4
29/11/2001,14611.1
30/11/2001,15483.2
01/12/2001,15946.7
02/12/2001,16147.7
03/12/2001,15880.0
04/12/2001,15027.4
05/12/2001,14201.3
06/12/2001,14295.3
07/12/2001,15189.3
08/12/2001,15880.0
09/12/2001,15780.3
10/12/2001,15092.1
11/12/2001,14045.4
12/12/2001,13583.7
13/12/2001,13890.6
14/12/2001,14706.6
15/12/2001,15647.8
16/12/2001,15846.7
17/12/2001,15680.9
18/12/2001,14738.5
19/12/2001,14107.7
20/12/2001,14295.3
21/12/2001,14452.7
22/12/2001,14706.6
23/12/2001,14706.6
24/12/2001,14389.6
25/12/2001,13828.9
26/12/2001,13130.7
27/12/2001,12569.2
28/12/2001,12337.0
29/12/2001,12250.5
30/12/2001,11767.0
31/12/2001,11515.5
01/01/2002,11377.0
02/01/2002,11267.0
03/01/2002,12569.2
04/01/2002,11460.0
05/01/2002,12394.8
06/01/2002,13011.3
07/01/2002,13280.7
08/01/2002,12745.0
09/01/2002,12892.6
10/01/2002,13310.8
11/01/2002,13921.5
12/01/2002,14263.9
13/01/2002,14642.9
14/01/2002,14802.4
15/01/2002,14107.7
16/01/2002,13280.7
17/01/2002,13280.7
18/01/2002,13553.2
19/01/2002,13890.6
20/01/2002,13952.4
21/01/2002,13890.6
22/01/2002,13220.6
23/01/2002,12569.2
24/01/2002,12745.0
25/01/2002,13431.7
26/01/2002,14201.3
27/01/2002,14834.4
28/01/2002,14834.4
29/01/2002,15352.2
30/01/2002,17807.0
31/01/2002,20087.0
01/02/2002,21167.7
02/02/2002,21959.2
03/02/2002,22523.1
04/02/2002,23095.0
05/02/2002,23675.1
06/02/2002,23842.3
07/02/2002,23842.3
08/02/2002,23508.5
09/02/2002,22726.4
10/02/2002,22119.5
11/02/2002,21601.0
12/02/2002,20855.6
13/02/2002,20430.8
14/02/2002,20011.0
15/02/2002,19821.8
16/02/2002,19671.1
17/02/2002,19708.7
18/02/2002,19973.1
19/02/2002,20049.0
20/02/2002,20239.4
21/02/2002,20469.3
22/02/2002,20778.0
23/02/2002,20972.3
24/02/2002,20855.6
25/02/2002,20546.2
26/02/2002,20163.1
27/02/2002,19973.1
28/02/2002,20011.0
01/03/2002,20201.2
02/03/2002,20972.3
03/03/2002,21246.1
04/03/2002,21999.2
05/03/2002,22523.1
06/03/2002,23012.8
07/03/2002,23301.2
08/03/2002,23136.2
09/03/2002,23301.2
10/03/2002,23301.2
11/03/2002,23095.0
12/03/2002,22644.9
13/03/2002,21919.2
14/03/2002,21364.0
15/03/2002,20894.5
16/03/2002,20087.0
17/03/2002,19897.3
18/03/2002,18964.4
19/03/2002,17771.5
20/03/2002,17174.0
21/03/2002,17453.8
22/03/2002,17383.6
23/03/2002,17174.0
24/03/2002,17524.1
25/03/2002,16931.4
26/03/2002,16485.8
27/03/2002,16690.6
28/03/2002,17524.1
29/03/2002,17913.8
30/03/2002,18272.3
31/03/2002,18671.2
01/04/2002,19334.6
02/04/2002,19708.7
03/04/2002,19973.1
04/04/2002,20087.0
05/04/2002,20163.1
06/04/2002,20163.1
07/04/2002,19633.6
08/04/2002,18671.2
09/04/2002,18164.3
10/04/2002,17878.2
11/04/2002,18092.5
12/04/2002,17878.2
13/04/2002,18525.6
14/04/2002,18634.7
15/04/2002,18092.5
16/04/2002,17524.1
17/04/2002,16896.8
18/04/2002,17313.6
19/04/2002,17700.6
20/04/2002,18020.9
21/04/2002,18416.8
22/04/2002,18056.7
23/04/2002,16965.9
24/04/2002,16519.9
25/04/2002,16827.9
26/04/2002,17313.6
27/04/2002,17807.0
28/04/2002,18020.9
29/04/2002,17665.3
30/04/2002,17348.6
01/05/2002,16862.4
02/05/2002,17035.1
03/05/2002,16827.9
04/05/2002,16827.9
05/05/2002,17174.0
06/05/2002,17559.3
07/05/2002,17174.0
08/05/2002,17000.5
09/05/2002,17629.9
10/05/2002,18020.9
11/05/2002,18200.2
12/05/2002,18416.8
13/05/2002,18236.2
14/05/2002,17807.0
15/05/2002,17524.1
16/05/2002,17488.9
17/05/2002,17559.3
18/05/2002,17383.6
19/05/2002,17488.9
20/05/2002,17559.3
21/05/2002,17913.8
22/05/2002,18561.9
23/05/2002,20087.0
24/05/2002,21640.6
25/05/2002,22848.9
26/05/2002,23884.2
27/05/2002,24475.3
28/05/2002,24945.4
29/05/2002,25464.1
30/05/2002,25464.1
31/05/2002,24945.4
01/06/2002,23884.2
02/06/2002,22971.8
03/06/2002,21799.6
04/06/2002,20469.3
05/06/2002,19633.6
06/06/2002,19149.0
07/06/2002,19038.1
08/06/2002,18817.5
09/06/2002,18780.9
10/06/2002,18416.8
11/06/2002,17949.5
12/06/2002,17488.9
13/06/2002,18308.3
14/06/2002,19708.7
15/06/2002,20087.0
16/06/2002,19633.6
17/06/2002,19297.4
18/06/2002,18056.7
19/06/2002,18056.7
20/06/2002,17842.6
21/06/2002,17488.9
22/06/2002,17559.3
23/06/2002,17842.6
24/06/2002,18056.7
25/06/2002,18020.9
26/06/2002,17629.9
27/06/2002,17243.7
28/06/2002,17069.8
29/06/2002,16827.9
30/06/2002,17035.1
01/07/2002,17069.8
02/07/2002,16656.4
03/07/2002,16147.7
04/07/2002,16827.9
05/07/2002,16553.9
06/07/2002,16316.3
07/07/2002,16047.0
08/07/2002,15913.3
09/07/2002,16013.5
10/07/2002,15614.8
11/07/2002,15417.6
12/07/2002,15581.9
13/07/2002,15221.8
14/07/2002,14770.4
15/07/2002,14389.6
16/07/2002,13983.4
17/07/2002,13706.0
18/07/2002,14201.3
19/07/2002,14898.6
20/07/2002,15189.3
21/07/2002,15254.3
22/07/2002,15319.5
23/07/2002,14802.4
24/07/2002,14389.6
25/07/2002,14389.6
26/07/2002,14898.6
27/07/2002,14802.4
28/07/2002,15483.2
29/07/2002,15714.0
30/07/2002,15450.4
31/07/2002,14674.7
01/08/2002,14642.9
02/08/2002,15059.7
03/08/2002,15221.8
04/08/2002,16147.7
05/08/2002,15581.9
06/08/2002,15092.1
07/08/2002,14770.4
08/08/2002,15319.5
09/08/2002,15548.9
10/08/2002,15417.6
11/08/2002,15124.4
12/08/2002,14962.9
13/08/2002,14326.7
14/08/2002,14358.1
15/08/2002,15156.9
16/08/2002,15450.4
17/08/2002,15614.8
18/08/2002,15384.9
19/08/2002,14579.3
20/08/2002,13890.6
21/08/2002,14263.9
22/08/2002,14962.9
23/08/2002,15813.5
24/08/2002,16827.9
25/08/2002,17524.1
26/08/2002,17878.2
27/08/2002,17313.6
28/08/2002,16316.3
29/08/2002,15483.2
30/08/2002,14962.9
31/08/2002,15027.4
01/09/2002,14962.9
02/09/2002,14547.6
03/09/2002,14263.9
04/09/2002,14263.9
05/09/2002,14045.4
06/09/2002,13675.4
07/09/2002,13583.7
08/09/2002,13553.2
09/09/2002,13341.0
10/09/2002,12951.9
11/09/2002,13041.1
12/09/2002,13401.5
13/09/2002,13890.6
14/09/2002,14326.7
15/09/2002,14515.9
16/09/2002,14263.9
17/09/2002,13890.6
18/09/2002,13983.4
19/09/2002,14515.9
20/09/2002,15680.9
21/09/2002,16896.8
22/09/2002,17629.9
23/09/2002,17736.1
24/09/2002,17842.6
25/09/2002,17700.6
26/09/2002,17313.6
27/09/2002,16896.8
28/09/2002,16417.9
29/09/2002,16248.7
30/09/2002,16215.0
01/10/2002,15813.5
02/10/2002,14866.5
03/10/2002,14866.5
04/10/2002,15813.5
05/10/2002,16759.2
06/10/2002,16862.4
07/10/2002,16519.9
08/10/2002,16896.8
09/10/2002,17348.6
10/10/2002,17488.9
11/10/2002,17629.9
12/10/2002,17453.8
13/10/2002,17524.1
14/10/2002,17559.3
15/10/2002,17559.3
16/10/2002,17488.9
17/10/2002,17559.3
18/10/2002,17559.3
19/10/2002,16965.9
20/10/2002,16215.0
21/10/2002,15813.5
22/10/2002,15384.9
23/10/2002,15516.0
24/10/2002,15880.0
25/10/2002,16485.8
26/10/2002,17000.5
27/10/2002,17629.9
28/10/2002,17949.5
29/10/2002,18056.7
30/10/2002,18236.2
31/10/2002,18164.3
01/11/2002,18020.9
02/11/2002,17878.2
03/11/2002,17807.0
04/11/2002,17524.1
05/11/2002,16793.6
06/11/2002,16147.7
07/11/2002,16553.9
08/11/2002,16759.2
09/11/2002,16965.9
10/11/2002,17104.5
11/11/2002,16656.4
12/11/2002,15913.3
13/11/2002,15747.1
14/11/2002,16316.3
15/11/2002,16622.2
16/11/2002,16724.9
17/11/2002,16931.4
18/11/2002,17000.5
19/11/2002,17069.8
20/11/2002,17069.8
21/11/2002,17174.0
22/11/2002,17174.0
23/11/2002,17069.8
24/11/2002,17069.8
25/11/2002,16827.9
26/11/2002,16724.9
27/11/2002,16080.5
28/11/2002,15846.7
29/11/2002,16350.1
30/11/2002,16724.9
01/12/2002,16896.8
02/12/2002,17418.7
03/12/2002,18020.9
04/12/2002,18744.3
05/12/2002,20354.1
06/12/2002,21285.3
07/12/2002,22442.0
08/12/2002,22848.9
09/12/2002,23095.0
10/12/2002,23425.5
11/12/2002,23800.4
12/12/2002,24094.4
13/12/2002,24136.5
14/12/2002,24178.7
15/12/2002,23968.1
16/12/2002,23633.4
17/12/2002,22767.2
18/12/2002,21839.4
19/12/2002,21089.4
20/12/2002,20469.3
21/12/2002,19973.1
22/12/2002,18308.3
23/12/2002,17629.9
24/12/2002,18707.7
25/12/2002,19112.0
26/12/2002,19334.6
27/12/2002,18964.4
28/12/2002,18344.4
29/12/2002,18817.5
30/12/2002,18964.4
31/12/2002,19186.0
01/01/2003,19075.0
02/01/2003,18561.9
03/01/2003,17524.1
04/01/2003,16519.9
05/01/2003,15913.3
06/01/2003,15450.4
07/01/2003,14834.4
08/01/2003,14484.3
09/01/2003,14834.4
10/01/2003,15092.1
11/01/2003,15483.2
12/01/2003,15980.1
13/01/2003,16013.5
14/01/2003,15813.5
15/01/2003,15980.1
16/01/2003,16451.8
17/01/2003,16485.8
18/01/2003,16384.0
19/01/2003,16147.7
20/01/2003,15614.8
21/01/2003,15156.9
22/01/2003,14802.4
23/01/2003,15221.8
24/01/2003,16485.8
25/01/2003,17594.6
26/01/2003,17985.2
27/01/2003,17878.2
28/01/2003,17348.6
29/01/2003,17174.0
30/01/2003,17453.8
31/01/2003,18056.7
01/02/2003,18453.0
02/02/2003,18598.3
03/02/2003,18598.3
04/02/2003,18890.9
05/02/2003,18817.5
06/02/2003,19038.1
07/02/2003,19260.2
08/02/2003,19521.1
09/02/2003,19784.1
10/02/2003,19708.7
11/02/2003,19859.5
12/02/2003,19859.5
13/02/2003,19859.5
14/02/2003,19708.7
15/02/2003,19558.6
16/02/2003,19521.1
17/02/2003,19821.8
18/02/2003,20201.2
19/02/2003,20661.9
20/02/2003,20816.8
21/02/2003,21089.4
22/02/2003,20933.4
23/02/2003,21089.4
24/02/2003,21442.8
25/02/2003,21839.4
26/02/2003,22119.5
27/02/2003,22401.6
28/02/2003,22971.8
01/03/2003,23591.7
02/03/2003,24010.2
03/03/2003,24432.8
04/03/2003,24475.3
05/03/2003,24517.8
06/03/2003,24178.7
07/03/2003,23926.1
08/03/2003,22767.2
09/03/2003,22039.3
10/03/2003,21364.0
11/03/2003,20894.5
12/03/2003,20392.5
13/03/2003,19973.1
14/03/2003,19671.1
15/03/2003,19633.6
16/03/2003,20201.2
17/03/2003,20315.9
18/03/2003,20623.3
19/03/2003,21089.4
20/03/2003,21482.3
21/03/2003,21839.4
22/03/2003,21839.4
23/03/2003,21879.3
24/03/2003,22280.4
25/03/2003,22644.9
26/03/2003,22685.7
27/03/2003,21879.3
28/03/2003,20855.6
29/03/2003,20507.7
30/03/2003,20315.9
31/03/2003,20011.0
01/04/2003,19149.0
02/04/2003,18236.2
03/04/2003,18056.7
04/04/2003,18056.7
05/04/2003,17949.5
06/04/2003,17842.6
07/04/2003,17842.6
08/04/2003,17383.6
09/04/2003,17035.1
10/04/2003,16827.9
11/04/2003,17139.2
12/04/2003,16965.9
13/04/2003,16827.9
14/04/2003,16656.4
15/04/2003,16282.5
16/04/2003,16147.7
17/04/2003,16827.9
18/04/2003,17139.2
19/04/2003,17418.7
20/04/2003,17278.6
21/04/2003,16931.4
22/04/2003,17208.9
23/04/2003,17418.7
24/04/2003,17807.0
25/04/2003,17949.5
26/04/2003,18092.5
27/04/2003,18092.5
28/04/2003,17878.2
29/04/2003,17313.6
30/04/2003,16827.9
01/05/2003,17243.7
02/05/2003,17665.3
03/05/2003,17949.5
04/05/2003,18020.9
05/05/2003,17736.1
06/05/2003,17243.7
07/05/2003,16896.8
08/05/2003,16759.2
09/05/2003,16282.5
10/05/2003,15946.7
11/05/2003,15483.2
12/05/2003,14995.2
13/05/2003,14452.7
14/05/2003,14579.3
15/05/2003,14642.9
16/05/2003,15189.3
17/05/2003,15092.1
18/05/2003,14834.4
19/05/2003,14642.9
20/05/2003,14107.7
21/05/2003,14014.4
22/05/2003,14076.5
23/05/2003,13983.4
24/05/2003,13952.4
25/05/2003,13859.7
26/05/2003,13583.7
27/05/2003,13011.3
28/05/2003,12981.6
29/05/2003,13401.5
30/05/2003,13798.1
31/05/2003,14014.4
01/06/2003,14263.9
02/06/2003,14232.6
03/06/2003,13859.7
04/06/2003,14014.4
05/06/2003,14326.7
06/06/2003,14802.4
07/06/2003,14770.4
08/06/2003,14642.9
09/06/2003,14547.6
10/06/2003,13890.6
11/06/2003,13644.8
12/06/2003,13644.8
13/06/2003,14138.8
14/06/2003,15286.9
15/06/2003,15450.4
16/06/2003,15813.5
17/06/2003,15352.2
18/06/2003,14930.7
19/06/2003,14138.8
20/06/2003,14962.9
21/06/2003,15614.8
22/06/2003,15980.1
23/06/2003,15913.3
24/06/2003,15483.2
25/06/2003,15059.7
26/06/2003,14834.4
27/06/2003,14706.6
28/06/2003,14770.4
29/06/2003,14642.9
30/06/2003,14547.6
01/07/2003,14263.9
02/07/2003,13952.4
03/07/2003,13952.4
04/07/2003,13890.6
05/07/2003,13828.9
06/07/2003,13736.7
07/07/2003,13522.8
08/07/2003,13341.0
09/07/2003,13130.7
10/07/2003,13401.5
11/07/2003,13706.0
12/07/2003,14014.4
13/07/2003,14326.7
14/07/2003,14232.6
15/07/2003,14138.8
16/07/2003,14201.3
17/07/2003,14076.5
18/07/2003,13890.6
19/07/2003,13828.9
20/07/2003,13952.4
21/07/2003,14138.8
22/07/2003,14107.7
23/07/2003,13462.0
24/07/2003,13736.7
25/07/2003,14201.3
26/07/2003,14547.6
27/07/2003,14201.3
28/07/2003,14107.7
29/07/2003,13644.8
30/07/2003,13401.5
31/07/2003,13341.0
01/08/2003,13280.7
02/08/2003,13431.7
03/08/2003,13371.2
04/08/2003,13220.6
05/08/2003,13011.3
06/08/2003,12981.6
07/08/2003,12892.6
08/08/2003,13160.6
09/08/2003,13280.7
10/08/2003,13431.7
11/08/2003,13644.8
12/08/2003,13952.4
13/08/2003,13890.6
14/08/2003,13921.5
15/08/2003,13921.5
16/08/2003,13675.4
17/08/2003,13675.4
18/08/2003,13767.4
19/08/2003,13280.7
20/08/2003,12833.4
21/08/2003,12715.6
22/08/2003,13190.6
23/08/2003,13462.0
24/08/2003,13614.2
25/08/2003,14014.4
26/08/2003,14014.4
27/08/2003,13736.7
28/08/2003,13890.6
29/08/2003,14295.3
30/08/2003,14770.4
31/08/2003,14579.3
01/09/2003,14358.1
02/09/2003,13828.9
03/09/2003,13190.6
04/09/2003,12833.4
05/09/2003,12951.9
06/09/2003,13280.7
07/09/2003,14014.4
08/09/2003,13952.4
09/09/2003,13280.7
10/09/2003,12951.9
11/09/2003,12981.6
12/09/2003,13583.7
13/09/2003,14201.3
14/09/2003,14326.7
